{
  "n_tickers": 500,
  "n_rows": 2000,
  "by_method": {
    "Buy & Hold": {
      "ar": {
        "mean": 9.230026882966445,
        "std": 5.62735829413153,
        "median": 9.401931493423012,
        "iqr": 7.8335676504651754,
        "n": 500
      },
      "sr": {
        "mean": 0.3459424251894709,
        "std": 0.23581997916256034,
        "median": 0.3360978933744408,
        "iqr": 0.3106640542482738,
        "n": 500
      },
      "mdd": {
        "mean": 34.77238086077256,
        "std": 10.550702152238031,
        "median": 34.412885170040184,
        "iqr": 14.252756561488233,
        "n": 500
      },
      "win_rate": {
        "mean": 0.5102252077346776,
        "std": 0.029884880314888576,
        "median": 0.5084115135113083,
        "iqr": 0.041918983417902456,
        "n": 500
      },
      "calmar": {
        "mean": 0.29753146081438137,
        "std": 0.2307136986005517,
        "median": 0.2633324002284533,
        "iqr": 0.24616329353091815,
        "n": 500
      }
    },
    "EATA (Ours)": {
      "ar": {
        "mean": 22.75821219078635,
        "std": 7.337523892768294,
        "median": 23.035194742287814,
        "iqr": 10.547139111970036,
        "n": 500
      },
      "sr": {
        "mean": 0.7871089475138997,
        "std": 0.2896072359362731,
        "median": 0.77754867504611,
        "iqr": 0.3644019839991821,
        "n": 500
      },
      "mdd": {
        "mean": 27.02579176708741,
        "std": 9.313543461951554,
        "median": 27.391566384432664,
        "iqr": 12.672286031719981,
        "n": 500
      },
      "win_rate": {
        "mean": 0.5614843605435219,
        "std": 0.028787130648392095,
        "median": 0.5616150882850928,
        "iqr": 0.041762803071734966,
        "n": 500
      },
      "calmar": {
        "mean": 1.0075956832052018,
        "std": 0.6710483302674843,
        "median": 0.8713062229299829,
        "iqr": 0.6161624420631844,
        "n": 500
      }
    },
    "LightGBM": {
      "ar": {
        "mean": 13.972059842210838,
        "std": 6.941671755830317,
        "median": 14.019895021007908,
        "iqr": 9.624440637111126,
        "n": 500
      },
      "sr": {
        "mean": 0.493453826393312,
        "std": 0.286782367938117,
        "median": 0.4869908932868874,
        "iqr": 0.40195028072000866,
        "n": 500
      },
      "mdd": {
        "mean": 32.57971689694815,
        "std": 9.665101035036985,
        "median": 32.411924050687674,
        "iqr": 12.660872892893078,
        "n": 500
      },
      "win_rate": {
        "mean": 0.5296749154969164,
        "std": 0.030215542964015532,
        "median": 0.5301527019148065,
        "iqr": 0.04148065465860651,
        "n": 500
      },
      "calmar": {
        "mean": 0.48856011479456507,
        "std": 0.3625707360121988,
        "median": 0.4185124222727527,
        "iqr": 0.32835910196192286,
        "n": 500
      }
    },
    "NEMoTS": {
      "ar": {
        "mean": 16.78961796508148,
        "std": 6.796153719042755,
        "median": 17.029031745764662,
        "iqr": 9.223195521377058,
        "n": 500
      },
      "sr": {
        "mean": 0.6139429000107005,
        "std": 0.3106766323198385,
        "median": 0.6122108103848991,
        "iqr": 0.4142010631392615,
        "n": 500
      },
      "mdd": {
        "mean": 30.014234798221203,
        "std": 10.021702620348437,
        "median": 30.20969484231074,
        "iqr": 14.087559066897626,
        "n": 500
      },
      "win_rate": {
        "mean": 0.5406398145371171,
        "std": 0.030105928970734566,
        "median": 0.5409482350808861,
        "iqr": 0.03653414548455658,
        "n": 500
      },
      "calmar": {
        "mean": 0.660935917148786,
        "std": 0.47611635024481325,
        "median": 0.5591371601183582,
        "iqr": 0.4229545402874669,
        "n": 500
      }
    }
  }
}