{
  "buy_and_hold": {
    "total_return": 0.04340545402274354,
    "annualized_return": 0.08067964089599067,
    "sharpe_ratio": 0.42602199389822576,
    "max_drawdown": 0.14228083645931316,
    "success": true,
    "description": "买入持有策略"
  },
  "macd": {
    "total_return": -0.16339038640673553,
    "annualized_return": -0.27802860904260385,
    "sharpe_ratio": -1.7189461584055503,
    "max_drawdown": 0.20483903392844952,
    "success": true,
    "description": "MACD交叉策略"
  },
  "arima": {
    "total_return": -0.07769822259157289,
    "annualized_return": -0.13730927923675829,
    "sharpe_ratio": -0.42602199389822576,
    "max_drawdown": 0.19018819438604864,
    "success": true,
    "description": "ARIMA时间序列预测"
  },
  "gp": {
    "total_return": -0.19725313986162873,
    "annualized_return": -0.33049742074062616,
    "sharpe_ratio": -1.3877990131507691,
    "max_drawdown": 0.32523186922066316,
    "success": true,
    "description": "遗传编程策略"
  },
  "gbdt": {
    "total_return": 0.16885224701167334,
    "annualized_return": 0.34396092181187266,
    "sharpe_ratio": 1.450283543273879,
    "max_drawdown": 0.09299192425678642,
    "success": true,
    "description": "GBDT梯度提升决策树策略"
  },
  "lstm": {
    "total_return": -0.030151077614131605,
    "annualized_return": -0.05437159807355696,
    "sharpe_ratio": -0.09657324014806525,
    "max_drawdown": 0.15419376662009152,
    "success": true,
    "description": "LSTM神经网络策略"
  },
  "transformer": {
    "total_return": 0.092743001551717,
    "annualized_return": 0.1758103507709179,
    "sharpe_ratio": 2.752843161850063,
    "max_drawdown": 0.009148776531219587,
    "success": true,
    "description": "Transformer模型策略"
  },
  "eata": {
    "total_return": 0.21325667779537882,
    "annualized_return": 0.0787036370367209,
    "sharpe_ratio": 0.347849558485728,
    "max_drawdown": 0.3192905502241875,
    "success": true,
    "description": "EATA强化学习策略"
  },
  "finrl_ppo": {
    "total_return": 0.0,
    "annualized_return": 0.0,
    "sharpe_ratio": 0.0,
    "max_drawdown": 0.0,
    "success": true,
    "description": "FinRL PPO强化学习策略"
  },
  "finrl_a2c": {
    "total_return": 0.0,
    "annualized_return": 0.0,
    "sharpe_ratio": 0.0,
    "max_drawdown": 0.0,
    "success": true,
    "description": "FinRL A2C强化学习策略"
  },
  "finrl_sac": {
    "total_return": 0.0,
    "annualized_return": 0.0,
    "sharpe_ratio": 0.0,
    "max_drawdown": 0.0,
    "success": true,
    "description": "FinRL SAC强化学习策略"
  },
  "finrl_td3": {
    "total_return": 0.0,
    "annualized_return": 0.0,
    "sharpe_ratio": 0.0,
    "max_drawdown": 0.0,
    "success": true,
    "description": "FinRL TD3强化学习策略"
  },
  "finrl_ddpg": {
    "total_return": 0.0,
    "annualized_return": 0.0,
    "sharpe_ratio": 0.0,
    "max_drawdown": 0.0,
    "success": true,
    "description": "FinRL DDPG强化学习策略"
  }
}