{
  "buy_and_hold": {
    "total_return": -0.012402001822805597,
    "annualized_return": -0.022531038614225563,
    "sharpe_ratio": 0.03339986331308204,
    "max_drawdown": 0.2142908302523031,
    "success": true,
    "description": "买入持有策略"
  },
  "macd": {
    "total_return": -0.025303125323921205,
    "annualized_return": -0.04572208415393075,
    "sharpe_ratio": -0.16895323643488058,
    "max_drawdown": 0.16840745193332127,
    "success": true,
    "description": "MACD交叉策略"
  },
  "arima": {
    "total_return": 0.23545833042015207,
    "annualized_return": 0.47124872491394343,
    "sharpe_ratio": 1.6807159443918882,
    "max_drawdown": 0.1280421854962974,
    "success": true,
    "description": "ARIMA时间序列预测"
  },
  "gp": {
    "total_return": 0.01060826094776024,
    "annualized_return": 0.019456434958160518,
    "sharpe_ratio": 0.20240657819046612,
    "max_drawdown": 0.2281088898824378,
    "success": true,
    "description": "遗传编程策略"
  },
  "gbdt": {
    "total_return": 0.08653860643754463,
    "annualized_return": 0.17029701313246548,
    "sharpe_ratio": 0.7967406490032051,
    "max_drawdown": 0.07542584015823668,
    "success": true,
    "description": "GBDT梯度提升决策树策略"
  },
  "lstm": {
    "total_return": -0.05237788686496048,
    "annualized_return": -0.09357094311497027,
    "sharpe_ratio": -0.3082972285773812,
    "max_drawdown": 0.19061461741664512,
    "success": true,
    "description": "LSTM神经网络策略"
  },
  "transformer": {
    "total_return": -0.1301717052521536,
    "annualized_return": -0.22482392438729204,
    "sharpe_ratio": -1.9771188590057092,
    "max_drawdown": 0.18281752215297875,
    "success": true,
    "description": "Transformer模型策略"
  },
  "eata": {
    "total_return": 0.6776958512777587,
    "annualized_return": 0.2248080038456841,
    "sharpe_ratio": 0.8421751464052547,
    "max_drawdown": 0.18726708135705175,
    "success": true,
    "description": "EATA强化学习策略"
  },
  "finrl_ppo": {
    "total_return": 0.0,
    "annualized_return": 0.0,
    "sharpe_ratio": 0.0,
    "max_drawdown": 0.0,
    "success": true,
    "description": "FinRL PPO强化学习策略"
  },
  "finrl_a2c": {
    "total_return": 0.019087718938010756,
    "annualized_return": 0.0348732450320004,
    "sharpe_ratio": 0.3044950239625395,
    "max_drawdown": 0.12060212006935928,
    "success": true,
    "description": "FinRL A2C强化学习策略"
  },
  "finrl_sac": {
    "total_return": 0.0,
    "annualized_return": 0.0,
    "sharpe_ratio": 0.0,
    "max_drawdown": 0.0,
    "success": true,
    "description": "FinRL SAC强化学习策略"
  },
  "finrl_td3": {
    "total_return": 0.0,
    "annualized_return": 0.0,
    "sharpe_ratio": 0.0,
    "max_drawdown": 0.0,
    "success": true,
    "description": "FinRL TD3强化学习策略"
  },
  "finrl_ddpg": {
    "total_return": 0.0,
    "annualized_return": 0.0,
    "sharpe_ratio": 0.0,
    "max_drawdown": 0.0,
    "success": true,
    "description": "FinRL DDPG强化学习策略"
  }
}