{
  "eata": {
    "total_return": 2.9089261779917566,
    "annualized_return": 0.6440565864600087,
    "sharpe_ratio": 1.5652107009864595,
    "max_drawdown": 0.2574186222089493,
    "volatility": 0.34272214683070173,
    "success": true,
    "description": "EATA强化学习策略"
  }
}