{
  "buy_and_hold": {
    "total_return": 0.6600664151218005,
    "annualized_return": 0.18784450058213165,
    "sharpe_ratio": 0.6214514672969946,
    "max_drawdown": 0.4197959121392695,
    "success": true,
    "description": "买入持有策略"
  },
  "macd": {
    "total_return": 0.5323282574016954,
    "annualized_return": 0.15597827302144762,
    "sharpe_ratio": 0.6882225608474057,
    "max_drawdown": 0.22242274691157224,
    "success": true,
    "description": "MACD交叉策略"
  },
  "arima": {
    "total_return": -0.29902553893471007,
    "annualized_return": -0.11366689236483507,
    "sharpe_ratio": -0.0847020928907741,
    "max_drawdown": 0.5441332477476084,
    "success": true,
    "description": "ARIMA时间序列预测"
  },
  "gp": {
    "total_return": 0.6600664151218005,
    "annualized_return": 0.18784450058213165,
    "sharpe_ratio": 0.6214514672969946,
    "max_drawdown": 0.4197959121392695,
    "success": true,
    "description": "遗传编程策略"
  },
  "lightgbm": {
    "total_return": -0.11170638186071857,
    "annualized_return": -0.0404458234020203,
    "sharpe_ratio": 0.10458122071460225,
    "max_drawdown": 0.40817767936043725,
    "success": true,
    "description": "LightGBM机器学习策略"
  },
  "lstm": {
    "total_return": -0.10251172106928041,
    "annualized_return": -0.03606552720730993,
    "sharpe_ratio": 0.11223933166676184,
    "max_drawdown": 0.5504997223525209,
    "success": true,
    "description": "LSTM神经网络策略"
  },
  "transformer": {
    "total_return": 0.5910434647647562,
    "annualized_return": 0.17083524839384046,
    "sharpe_ratio": 0.7408790897600556,
    "max_drawdown": 0.18585246862502175,
    "success": true,
    "description": "Transformer模型策略"
  },
  "eata": {
    "total_return": 4.197011048267364,
    "annualized_return": 0.5104839139441499,
    "sharpe_ratio": 1.3542174639451194,
    "max_drawdown": 0.22589913251669788,
    "success": true,
    "description": "EATA强化学习策略"
  },
  "finrl_ppo": {
    "total_return": 0.3173095453372008,
    "annualized_return": 0.09797889184614617,
    "sharpe_ratio": 0.5279239728603903,
    "max_drawdown": 0.35504155156366674,
    "success": true,
    "description": "FinRL PPO强化学习策略"
  },
  "finrl_a2c": {
    "total_return": 0.0,
    "annualized_return": 0.0,
    "sharpe_ratio": 0.0,
    "max_drawdown": 0.0,
    "success": true,
    "description": "FinRL A2C强化学习策略"
  },
  "finrl_sac": {
    "total_return": 1.02676883569741,
    "annualized_return": 0.27074210387313835,
    "sharpe_ratio": 0.9480248276956282,
    "max_drawdown": 0.3720291857763118,
    "success": true,
    "description": "FinRL SAC强化学习策略"
  },
  "finrl_td3": {
    "total_return": 1.02676883569741,
    "annualized_return": 0.27074210387313835,
    "sharpe_ratio": 0.9480248276956282,
    "max_drawdown": 0.3720291857763118,
    "success": true,
    "description": "FinRL TD3强化学习策略"
  },
  "finrl_ddpg": {
    "total_return": 0.0,
    "annualized_return": 0.0,
    "sharpe_ratio": 0.0,
    "max_drawdown": 0.0,
    "success": true,
    "description": "FinRL DDPG强化学习策略"
  }
}