{
  "buy_and_hold": {
    "total_return": 0.03930403159022511,
    "annualized_return": 0.07293513040390054,
    "sharpe_ratio": 0.4010379372389789,
    "max_drawdown": 0.1330349570903246,
    "success": true,
    "description": "买入持有策略"
  },
  "macd": {
    "total_return": 0.11450871932563511,
    "annualized_return": 0.21892928558153413,
    "sharpe_ratio": 1.306468132007697,
    "max_drawdown": 0.08173334235885317,
    "success": true,
    "description": "MACD交叉策略"
  },
  "arima": {
    "total_return": 0.20921400420693215,
    "annualized_return": 0.4146791712724738,
    "sharpe_ratio": 1.468075363128485,
    "max_drawdown": 0.12033143393872014,
    "success": true,
    "description": "ARIMA时间序列预测"
  },
  "gp": {
    "total_return": 0.11031477060575634,
    "annualized_return": 0.21056625059534095,
    "sharpe_ratio": 0.8640891434759218,
    "max_drawdown": 0.19917491051316674,
    "success": true,
    "description": "遗传编程策略"
  },
  "gbdt": {
    "total_return": 0.223245723753406,
    "annualized_return": 0.4649251779249286,
    "sharpe_ratio": 1.8442300349238545,
    "max_drawdown": 0.06595773465663557,
    "success": true,
    "description": "GBDT梯度提升决策树策略"
  },
  "lstm": {
    "total_return": -0.1230854551206575,
    "annualized_return": -0.2132531346341765,
    "sharpe_ratio": -0.9455794384761409,
    "max_drawdown": 0.19734889738882766,
    "success": true,
    "description": "LSTM神经网络策略"
  },
  "transformer": {
    "total_return": -0.12572990218923819,
    "annualized_return": -0.21758019244960292,
    "sharpe_ratio": -1.435281755354925,
    "max_drawdown": 0.1784573116247657,
    "success": true,
    "description": "Transformer模型策略"
  },
  "eata": {
    "total_return": 0.0923104486534474,
    "annualized_return": 0.035209686034901155,
    "sharpe_ratio": 0.1852463055503603,
    "max_drawdown": 0.28859216600668186,
    "success": true,
    "description": "EATA强化学习策略"
  },
  "finrl_ppo": {
    "total_return": 0.0,
    "annualized_return": 0.0,
    "sharpe_ratio": 0.0,
    "max_drawdown": 0.0,
    "success": true,
    "description": "FinRL PPO强化学习策略"
  },
  "finrl_a2c": {
    "total_return": 0.0,
    "annualized_return": 0.0,
    "sharpe_ratio": 0.0,
    "max_drawdown": 0.0,
    "success": true,
    "description": "FinRL A2C强化学习策略"
  },
  "finrl_sac": {
    "total_return": 0.0,
    "annualized_return": 0.0,
    "sharpe_ratio": 0.0,
    "max_drawdown": 0.0,
    "success": true,
    "description": "FinRL SAC强化学习策略"
  },
  "finrl_td3": {
    "total_return": 0.06444756025243548,
    "annualized_return": 0.11988889247556012,
    "sharpe_ratio": 0.5872237567041685,
    "max_drawdown": 0.13301763238927156,
    "success": true,
    "description": "FinRL TD3强化学习策略"
  },
  "finrl_ddpg": {
    "total_return": 0.06444756025243548,
    "annualized_return": 0.11988889247556012,
    "sharpe_ratio": 0.5872237567041685,
    "max_drawdown": 0.13301763238927156,
    "success": true,
    "description": "FinRL DDPG强化学习策略"
  }
}