{
  "buy_and_hold": {
    "total_return": 0.006583199307347298,
    "annualized_return": 0.01205417015329413,
    "sharpe_ratio": 0.170489663936266,
    "max_drawdown": 0.19051837940738037,
    "success": true,
    "description": "买入持有策略"
  },
  "macd": {
    "total_return": 0.007936942755525811,
    "annualized_return": 0.01454104006200585,
    "sharpe_ratio": 0.17014613702305792,
    "max_drawdown": 0.18810469627191895,
    "success": true,
    "description": "MACD交叉策略"
  },
  "arima": {
    "total_return": 0.21268268585195726,
    "annualized_return": 0.4220983334412256,
    "sharpe_ratio": 1.58378485303846,
    "max_drawdown": 0.1024094982155858,
    "success": true,
    "description": "ARIMA时间序列预测"
  },
  "gp": {
    "total_return": -0.07578805557798385,
    "annualized_return": -0.13404380553981532,
    "sharpe_ratio": -0.47399360960937414,
    "max_drawdown": 0.19079240822617102,
    "success": true,
    "description": "遗传编程策略"
  },
  "gbdt": {
    "total_return": 0.25824608953572614,
    "annualized_return": 0.545359540601656,
    "sharpe_ratio": 1.9981723456149647,
    "max_drawdown": 0.11562742830298023,
    "success": true,
    "description": "GBDT梯度提升决策树策略"
  },
  "lstm": {
    "total_return": 0.03919971312652293,
    "annualized_return": 0.07273847970935488,
    "sharpe_ratio": 0.4245267869345354,
    "max_drawdown": 0.10602828072769946,
    "success": true,
    "description": "LSTM神经网络策略"
  },
  "transformer": {
    "total_return": 0.024804295509710306,
    "annualized_return": 0.04575819468839448,
    "sharpe_ratio": 0.5046302669523125,
    "max_drawdown": 0.0734960593723596,
    "success": true,
    "description": "Transformer模型策略"
  },
  "eata": {
    "total_return": 0.7069793879197019,
    "annualized_return": 0.23314248160226114,
    "sharpe_ratio": 0.9040919077410777,
    "max_drawdown": 0.21037498946607902,
    "success": true,
    "description": "EATA强化学习策略"
  },
  "finrl_ppo": {
    "total_return": -0.029350534406704765,
    "annualized_return": -0.05257504762598997,
    "sharpe_ratio": -0.14518671113418344,
    "max_drawdown": 0.1537263247090643,
    "success": true,
    "description": "FinRL PPO强化学习策略"
  },
  "finrl_a2c": {
    "total_return": 0.0,
    "annualized_return": 0.0,
    "sharpe_ratio": 0.0,
    "max_drawdown": 0.0,
    "success": true,
    "description": "FinRL A2C强化学习策略"
  },
  "finrl_sac": {
    "total_return": 0.0,
    "annualized_return": 0.0,
    "sharpe_ratio": 0.0,
    "max_drawdown": 0.0,
    "success": true,
    "description": "FinRL SAC强化学习策略"
  },
  "finrl_td3": {
    "total_return": 0.0,
    "annualized_return": 0.0,
    "sharpe_ratio": 0.0,
    "max_drawdown": 0.0,
    "success": true,
    "description": "FinRL TD3强化学习策略"
  },
  "finrl_ddpg": {
    "total_return": 0.0,
    "annualized_return": 0.0,
    "sharpe_ratio": 0.0,
    "max_drawdown": 0.0,
    "success": true,
    "description": "FinRL DDPG强化学习策略"
  }
}