{
  "buy_and_hold": {
    "total_return": -0.016093858995591237,
    "annualized_return": -0.027247855473336524,
    "sharpe_ratio": -0.02608676330513171,
    "max_drawdown": 0.1754093368013378,
    "volatility": 0.2095939524423787,
    "success": true,
    "description": "买入持有策略"
  },
  "macd": {
    "total_return": -0.023265699361866954,
    "annualized_return": -0.039289990153625776,
    "sharpe_ratio": -0.17569796463149595,
    "max_drawdown": 0.1494955349845135,
    "volatility": 0.15702779890731677,
    "success": true,
    "description": "MACD交叉策略"
  },
  "arima": {
    "total_return": 0.2543188471756461,
    "annualized_return": 0.47081983823193463,
    "sharpe_ratio": 1.959286269489409,
    "max_drawdown": 0.13817146468657826,
    "volatility": 0.20801583541352536,
    "success": true,
    "description": "ARIMA时间序列预测"
  },
  "gp": {
    "total_return": -0.04551054798585763,
    "annualized_return": -0.076246165477456,
    "sharpe_ratio": -0.2728017104025594,
    "max_drawdown": 0.2139986886032998,
    "volatility": 0.20956329355656667,
    "success": true,
    "description": "遗传编程策略"
  },
  "gbdt": {
    "total_return": 0.06763695945724235,
    "annualized_return": 0.12224877722031202,
    "sharpe_ratio": 0.736421619853853,
    "max_drawdown": 0.1510497795581085,
    "volatility": 0.17822029579635199,
    "success": true,
    "description": "GBDT梯度提升决策树策略"
  },
  "lstm": {
    "total_return": -0.04043114052876107,
    "annualized_return": -0.06786030107650565,
    "sharpe_ratio": -0.36382898164026106,
    "max_drawdown": 0.12385466606233628,
    "volatility": 0.15855429103621446,
    "success": true,
    "description": "LSTM神经网络策略"
  },
  "transformer": {
    "total_return": -0.002708488444728152,
    "annualized_return": -0.004607360730902843,
    "sharpe_ratio": -0.004083272985560807,
    "max_drawdown": 0.049800130534426196,
    "volatility": 0.09191310143421874,
    "success": true,
    "description": "Transformer模型策略"
  },
  "eata": {
    "total_return": -0.25277089513703777,
    "annualized_return": -0.10081303299748379,
    "sharpe_ratio": -0.41612036522692336,
    "max_drawdown": 0.4469671000810086,
    "volatility": 0.23656952153729013,
    "success": true,
    "description": "EATA强化学习策略"
  },
  "finrl_ppo": {
    "total_return": 0.0,
    "annualized_return": 0.0,
    "sharpe_ratio": 0.0,
    "max_drawdown": 0.0,
    "volatility": NaN,
    "success": true,
    "description": "FinRL PPO强化学习策略"
  },
  "finrl_a2c": {
    "total_return": 0.02577939577899202,
    "annualized_return": 0.043987520646649125,
    "sharpe_ratio": 0.5207108081980435,
    "max_drawdown": 0.0882229882353418,
    "volatility": 0.09113910833583191,
    "success": true,
    "description": "FinRL A2C强化学习策略"
  },
  "finrl_sac": {
    "total_return": 0.0,
    "annualized_return": 0.0,
    "sharpe_ratio": 0.0,
    "max_drawdown": 0.0,
    "volatility": NaN,
    "success": true,
    "description": "FinRL SAC强化学习策略"
  },
  "finrl_td3": {
    "total_return": 0.02742488912658758,
    "annualized_return": 0.046821472239437334,
    "sharpe_ratio": 0.5225119704405327,
    "max_drawdown": 0.09376807502989372,
    "volatility": 0.09711402443330537,
    "success": true,
    "description": "FinRL TD3强化学习策略"
  },
  "finrl_ddpg": {
    "total_return": 0.0,
    "annualized_return": 0.0,
    "sharpe_ratio": 0.0,
    "max_drawdown": 0.0,
    "volatility": NaN,
    "success": true,
    "description": "FinRL DDPG强化学习策略"
  }
}