{
  "buy_and_hold": {
    "total_return": -0.19985459838674857,
    "annualized_return": -0.3344540938976551,
    "sharpe_ratio": -1.497901338972068,
    "max_drawdown": 0.24026655127823845,
    "success": true,
    "description": "买入持有策略"
  },
  "macd": {
    "total_return": 0.11287868455668715,
    "annualized_return": 0.2156757848831865,
    "sharpe_ratio": 1.383932145930519,
    "max_drawdown": 0.0665850090419654,
    "success": true,
    "description": "MACD交叉策略"
  },
  "arima": {
    "total_return": -0.16136345026208043,
    "annualized_return": -0.274831238360034,
    "sharpe_ratio": -1.1535230587631828,
    "max_drawdown": 0.24026655127823832,
    "success": true,
    "description": "ARIMA时间序列预测"
  },
  "gp": {
    "total_return": 0.24750283525867856,
    "annualized_return": 0.49754611884986066,
    "sharpe_ratio": 1.7402354081727265,
    "max_drawdown": 0.1849209125525895,
    "success": true,
    "description": "遗传编程策略"
  },
  "gbdt": {
    "total_return": -0.11320982394279844,
    "annualized_return": -0.20359443459810922,
    "sharpe_ratio": -0.788131735896365,
    "max_drawdown": 0.18601659892447378,
    "success": true,
    "description": "GBDT梯度提升决策树策略"
  },
  "lstm": {
    "total_return": 0.02672379814354109,
    "annualized_return": 0.049337809784355535,
    "sharpe_ratio": 0.3249772988067566,
    "max_drawdown": 0.1845982264123553,
    "success": true,
    "description": "LSTM神经网络策略"
  },
  "transformer": {
    "total_return": 0.0,
    "annualized_return": 0.0,
    "sharpe_ratio": 0.0,
    "max_drawdown": 0.0,
    "success": true,
    "description": "Transformer模型策略"
  },
  "eata": {
    "total_return": -0.19466230206505764,
    "annualized_return": -0.0813468344737921,
    "sharpe_ratio": -0.2920786976371331,
    "max_drawdown": 0.39618881821907387,
    "success": true,
    "description": "EATA强化学习策略"
  },
  "finrl_ppo": {
    "total_return": 0.0,
    "annualized_return": 0.0,
    "sharpe_ratio": 0.0,
    "max_drawdown": 0.0,
    "success": true,
    "description": "FinRL PPO强化学习策略"
  },
  "finrl_a2c": {
    "total_return": 0.0,
    "annualized_return": 0.0,
    "sharpe_ratio": 0.0,
    "max_drawdown": 0.0,
    "success": true,
    "description": "FinRL A2C强化学习策略"
  },
  "finrl_sac": {
    "total_return": 0.0,
    "annualized_return": 0.0,
    "sharpe_ratio": 0.0,
    "max_drawdown": 0.0,
    "success": true,
    "description": "FinRL SAC强化学习策略"
  },
  "finrl_td3": {
    "total_return": -0.04186042721378169,
    "annualized_return": -0.0745961348536952,
    "sharpe_ratio": -0.8063863228454626,
    "max_drawdown": 0.07722594995393996,
    "success": true,
    "description": "FinRL TD3强化学习策略"
  },
  "finrl_ddpg": {
    "total_return": 0.0,
    "annualized_return": 0.0,
    "sharpe_ratio": 0.0,
    "max_drawdown": 0.0,
    "success": true,
    "description": "FinRL DDPG强化学习策略"
  }
}