{
  "buy_and_hold": {
    "total_return": 0.3525965730467242,
    "annualized_return": 0.10802030386144135,
    "sharpe_ratio": 0.4704991361289595,
    "max_drawdown": 0.44601849878478655,
    "success": true,
    "description": "买入持有策略"
  },
  "macd": {
    "total_return": 0.15687745993196267,
    "annualized_return": 0.0507365033572722,
    "sharpe_ratio": 0.3295298426385569,
    "max_drawdown": 0.4258230064926182,
    "success": true,
    "description": "MACD交叉策略"
  },
  "arima": {
    "total_return": -0.3693815857441063,
    "annualized_return": -0.14494072915121559,
    "sharpe_ratio": -0.2829959909039832,
    "max_drawdown": 0.5966908490419118,
    "success": true,
    "description": "ARIMA时间序列预测"
  },
  "gp": {
    "total_return": -0.5145002063077767,
    "annualized_return": -0.21761107158364157,
    "sharpe_ratio": -0.5411224601443835,
    "max_drawdown": 0.6009841124860499,
    "success": true,
    "description": "遗传编程策略"
  },
  "lightgbm": {
    "total_return": -0.6044691755026694,
    "annualized_return": -0.2762340878221272,
    "sharpe_ratio": -0.8001268647084997,
    "max_drawdown": 0.7663436344992558,
    "success": true,
    "description": "LightGBM机器学习策略"
  },
  "lstm": {
    "total_return": 0.08024764672516227,
    "annualized_return": 0.02656223037800176,
    "sharpe_ratio": 0.24397838300804825,
    "max_drawdown": 0.5664482395198867,
    "success": true,
    "description": "LSTM神经网络策略"
  },
  "transformer": {
    "total_return": -0.0033905760678841768,
    "annualized_return": -0.0011528079820081194,
    "sharpe_ratio": 0.07475951398943935,
    "max_drawdown": 0.3012895127589998,
    "success": true,
    "description": "Transformer模型策略"
  },
  "eata": {
    "total_return": 0.8625197099037178,
    "annualized_return": 0.1684019554922842,
    "sharpe_ratio": 0.5922920772696892,
    "max_drawdown": 0.4276028761304541,
    "success": true,
    "description": "EATA强化学习策略"
  },
  "finrl_ppo": {
    "total_return": 0.27219656966091166,
    "annualized_return": 0.08507857679462139,
    "sharpe_ratio": 0.4315500082513986,
    "max_drawdown": 0.4435425976881961,
    "success": true,
    "description": "FinRL PPO强化学习策略"
  },
  "finrl_a2c": {
    "total_return": 0.0,
    "annualized_return": 0.0,
    "sharpe_ratio": 0.0,
    "max_drawdown": 0.0,
    "success": true,
    "description": "FinRL A2C强化学习策略"
  },
  "finrl_sac": {
    "total_return": 0.34305940467565166,
    "annualized_return": 0.10521173078938317,
    "sharpe_ratio": 0.48578482206301776,
    "max_drawdown": 0.44600932858810577,
    "success": true,
    "description": "FinRL SAC强化学习策略"
  },
  "finrl_td3": {
    "total_return": 0.34305940467565166,
    "annualized_return": 0.10521173078938317,
    "sharpe_ratio": 0.48578482206301776,
    "max_drawdown": 0.44600932858810577,
    "success": true,
    "description": "FinRL TD3强化学习策略"
  },
  "finrl_ddpg": {
    "total_return": 0.0,
    "annualized_return": 0.0,
    "sharpe_ratio": 0.0,
    "max_drawdown": 0.0,
    "success": true,
    "description": "FinRL DDPG强化学习策略"
  }
}