{
  "buy_and_hold": {
    "total_return": 0.08139719459390338,
    "annualized_return": 0.15361262661834219,
    "sharpe_ratio": 0.6840751593167131,
    "max_drawdown": 0.16245002799182306,
    "success": true,
    "description": "买入持有策略"
  },
  "macd": {
    "total_return": 0.08467471239726732,
    "annualized_return": 0.1600053294496473,
    "sharpe_ratio": 0.8778369301833316,
    "max_drawdown": 0.08668000964470582,
    "success": true,
    "description": "MACD交叉策略"
  },
  "arima": {
    "total_return": -0.03187955641336482,
    "annualized_return": -0.057446859796458805,
    "sharpe_ratio": -0.10101138997758738,
    "max_drawdown": 0.24177456617079923,
    "success": true,
    "description": "ARIMA时间序列预测"
  },
  "gp": {
    "total_return": -0.10822893906802566,
    "annualized_return": -0.18874322506479535,
    "sharpe_ratio": -0.6840751593167131,
    "max_drawdown": 0.304208306314249,
    "success": true,
    "description": "遗传编程策略"
  },
  "gbdt": {
    "total_return": 0.2059435195953745,
    "annualized_return": 0.4259135719652902,
    "sharpe_ratio": 1.7264896113709995,
    "max_drawdown": 0.10170593314943577,
    "success": true,
    "description": "GBDT梯度提升决策树策略"
  },
  "lstm": {
    "total_return": -0.14664601359541907,
    "annualized_return": -0.25142387802576394,
    "sharpe_ratio": -1.0698763299896983,
    "max_drawdown": 0.30092992679622865,
    "success": true,
    "description": "LSTM神经网络策略"
  },
  "transformer": {
    "total_return": 0.04698036545126971,
    "annualized_return": 0.08745051363673984,
    "sharpe_ratio": 1.022080198515193,
    "max_drawdown": 0.055877511916129934,
    "success": true,
    "description": "Transformer模型策略"
  },
  "eata": {
    "total_return": -0.13828260007868587,
    "annualized_return": -0.05665911980363447,
    "sharpe_ratio": -0.1844803872083873,
    "max_drawdown": 0.404591652500296,
    "success": true,
    "description": "EATA强化学习策略"
  },
  "finrl_ppo": {
    "total_return": 0.0,
    "annualized_return": 0.0,
    "sharpe_ratio": 0.0,
    "max_drawdown": 0.0,
    "success": true,
    "description": "FinRL PPO强化学习策略"
  },
  "finrl_a2c": {
    "total_return": 0.0,
    "annualized_return": 0.0,
    "sharpe_ratio": 0.0,
    "max_drawdown": 0.0,
    "success": true,
    "description": "FinRL A2C强化学习策略"
  },
  "finrl_sac": {
    "total_return": 0.0037971724016867547,
    "annualized_return": 0.006894705098096088,
    "sharpe_ratio": 0.11770449621176528,
    "max_drawdown": 0.1121737834133774,
    "success": true,
    "description": "FinRL SAC强化学习策略"
  },
  "finrl_td3": {
    "total_return": 0.0037971724016867547,
    "annualized_return": 0.006894705098096088,
    "sharpe_ratio": 0.11770449621176528,
    "max_drawdown": 0.1121737834133774,
    "success": true,
    "description": "FinRL TD3强化学习策略"
  },
  "finrl_ddpg": {
    "total_return": 0.0,
    "annualized_return": 0.0,
    "sharpe_ratio": 0.0,
    "max_drawdown": 0.0,
    "success": true,
    "description": "FinRL DDPG强化学习策略"
  }
}