{
  "buy_and_hold": {
    "total_return": 0.2726575068300179,
    "annualized_return": 0.08533150781476273,
    "sharpe_ratio": 0.40631022624036894,
    "max_drawdown": 0.45237252659517085,
    "success": true,
    "description": "买入持有策略"
  },
  "macd": {
    "total_return": 1.0683484507854293,
    "annualized_return": 0.2799498580924398,
    "sharpe_ratio": 1.1186996913004652,
    "max_drawdown": 0.21499275624135328,
    "success": true,
    "description": "MACD交叉策略"
  },
  "arima": {
    "total_return": 0.7486759681276132,
    "annualized_return": 0.20900915007308485,
    "sharpe_ratio": 0.6666029713434014,
    "max_drawdown": 0.431851569245503,
    "success": true,
    "description": "ARIMA时间序列预测"
  },
  "gp": {
    "total_return": 1.6353028830172627,
    "annualized_return": 0.3897080674160718,
    "sharpe_ratio": 1.0031146660241805,
    "max_drawdown": 0.42058047137232296,
    "success": true,
    "description": "遗传编程策略"
  },
  "lightgbm": {
    "total_return": 0.5883927260697863,
    "annualized_return": 0.17501500821656402,
    "sharpe_ratio": 0.6097220421240298,
    "max_drawdown": 0.3322927139620642,
    "success": true,
    "description": "LightGBM机器学习策略"
  },
  "lstm": {
    "total_return": 0.37441777042997737,
    "annualized_return": 0.11405917245552666,
    "sharpe_ratio": 0.4755033371511303,
    "max_drawdown": 0.34024389960575974,
    "success": true,
    "description": "LSTM神经网络策略"
  },
  "transformer": {
    "total_return": -0.006737053394317627,
    "annualized_return": -0.002293164710847062,
    "sharpe_ratio": -0.5831646179767073,
    "max_drawdown": 0.0,
    "success": true,
    "description": "Transformer模型策略"
  },
  "eata": {
    "total_return": 0.031203118659972606,
    "annualized_return": 0.007718815025942627,
    "sharpe_ratio": 0.13945494186298607,
    "max_drawdown": 0.5813395472519127,
    "success": true,
    "description": "EATA强化学习策略"
  },
  "finrl_ppo": {
    "total_return": 0.15898235344362277,
    "annualized_return": 0.05131449130747501,
    "sharpe_ratio": 0.3218157397195097,
    "max_drawdown": 0.3288712269941515,
    "success": true,
    "description": "FinRL PPO强化学习策略"
  },
  "finrl_a2c": {
    "total_return": 0.40904136244603695,
    "annualized_return": 0.12333632338136225,
    "sharpe_ratio": 0.5319557507938686,
    "max_drawdown": 0.34073476584183837,
    "success": true,
    "description": "FinRL A2C强化学习策略"
  },
  "finrl_sac": {
    "total_return": 0.0,
    "annualized_return": 0.0,
    "sharpe_ratio": 0.0,
    "max_drawdown": 0.0,
    "success": true,
    "description": "FinRL SAC强化学习策略"
  },
  "finrl_td3": {
    "total_return": 0.428573880967819,
    "annualized_return": 0.1285938011414316,
    "sharpe_ratio": 0.5370350276415461,
    "max_drawdown": 0.35431866674086854,
    "success": true,
    "description": "FinRL TD3强化学习策略"
  },
  "finrl_ddpg": {
    "total_return": 0.0,
    "annualized_return": 0.0,
    "sharpe_ratio": 0.0,
    "max_drawdown": 0.0,
    "success": true,
    "description": "FinRL DDPG强化学习策略"
  }
}