{
  "eata": {
    "total_return": -0.11552787152529298,
    "annualized_return": -0.1886299708708642,
    "sharpe_ratio": -0.6996342137651388,
    "max_drawdown": 0.17697953817157464,
    "volatility": 0.25252692727617404,
    "success": true,
    "description": "EATA强化学习策略"
  }
}