{
  "buy_and_hold": {
    "total_return": 0.2666255089179428,
    "annualized_return": 0.5397300800330063,
    "sharpe_ratio": 1.8877780214787585,
    "max_drawdown": 0.12112614771161426,
    "success": true,
    "description": "买入持有策略"
  },
  "macd": {
    "total_return": 0.13559873091852737,
    "annualized_return": 0.26137862375036414,
    "sharpe_ratio": 1.490645601560928,
    "max_drawdown": 0.07931144654829346,
    "success": true,
    "description": "MACD交叉策略"
  },
  "arima": {
    "total_return": -0.1286123829844531,
    "annualized_return": -0.22228443976274992,
    "sharpe_ratio": -0.89806574550206,
    "max_drawdown": 0.28250732587902405,
    "success": true,
    "description": "ARIMA时间序列预测"
  },
  "gp": {
    "total_return": -0.236309647898448,
    "annualized_return": -0.3887810420159872,
    "sharpe_ratio": -1.8877780214787585,
    "max_drawdown": 0.3190202689239052,
    "success": true,
    "description": "遗传编程策略"
  },
  "gbdt": {
    "total_return": -0.2049735965216729,
    "annualized_return": -0.3524858599344284,
    "sharpe_ratio": -1.6333367849535922,
    "max_drawdown": 0.301217714678725,
    "success": true,
    "description": "GBDT梯度提升决策树策略"
  },
  "lstm": {
    "total_return": -0.17457728372143044,
    "annualized_return": -0.29556018945930784,
    "sharpe_ratio": -1.3848813851321975,
    "max_drawdown": 0.27150767411696597,
    "success": true,
    "description": "LSTM神经网络策略"
  },
  "transformer": {
    "total_return": 0.11165239577522046,
    "annualized_return": 0.213230742279493,
    "sharpe_ratio": 1.647606583126001,
    "max_drawdown": 0.0794668249427796,
    "success": true,
    "description": "Transformer模型策略"
  },
  "eata": {
    "total_return": 0.9152340017308789,
    "annualized_return": 0.29004952556549957,
    "sharpe_ratio": 1.0770147016806413,
    "max_drawdown": 0.27338972184715843,
    "success": true,
    "description": "EATA强化学习策略"
  },
  "finrl_ppo": {
    "total_return": 0.050228230653097006,
    "annualized_return": 0.09291466831724127,
    "sharpe_ratio": 0.7147835349486181,
    "max_drawdown": 0.11080401488347232,
    "success": true,
    "description": "FinRL PPO强化学习策略"
  },
  "finrl_a2c": {
    "total_return": 0.14298127481970946,
    "annualized_return": 0.2741542101580463,
    "sharpe_ratio": 1.2087878859027634,
    "max_drawdown": 0.12111804446792043,
    "success": true,
    "description": "FinRL A2C强化学习策略"
  },
  "finrl_sac": {
    "total_return": 0.0,
    "annualized_return": 0.0,
    "sharpe_ratio": 0.0,
    "max_drawdown": 0.0,
    "success": true,
    "description": "FinRL SAC强化学习策略"
  },
  "finrl_td3": {
    "total_return": 0.0,
    "annualized_return": 0.0,
    "sharpe_ratio": 0.0,
    "max_drawdown": 0.0,
    "success": true,
    "description": "FinRL TD3强化学习策略"
  },
  "finrl_ddpg": {
    "total_return": 0.0,
    "annualized_return": 0.0,
    "sharpe_ratio": 0.0,
    "max_drawdown": 0.0,
    "success": true,
    "description": "FinRL DDPG强化学习策略"
  }
}