{
  "buy_and_hold": {
    "total_return": 0.060525130763348534,
    "annualized_return": 0.11327767461898564,
    "sharpe_ratio": 0.5792218491044223,
    "max_drawdown": 0.12439907181194877,
    "success": true,
    "description": "买入持有策略"
  },
  "macd": {
    "total_return": -0.03392383530880283,
    "annualized_return": -0.06107813411343532,
    "sharpe_ratio": -0.33491483875823974,
    "max_drawdown": 0.10929193734581837,
    "success": true,
    "description": "MACD交叉策略"
  },
  "arima": {
    "total_return": 0.17115989631607698,
    "annualized_return": 0.334440254123735,
    "sharpe_ratio": 1.3645780618256822,
    "max_drawdown": 0.10674818681142327,
    "success": true,
    "description": "ARIMA时间序列预测"
  },
  "gp": {
    "total_return": -0.07032201727499443,
    "annualized_return": -0.12466866618914196,
    "sharpe_ratio": -0.458056376340319,
    "max_drawdown": 0.27336558166338837,
    "success": true,
    "description": "遗传编程策略"
  },
  "gbdt": {
    "total_return": -0.08582207849697765,
    "annualized_return": -0.15634771856525131,
    "sharpe_ratio": -0.7345943919294297,
    "max_drawdown": 0.14580289825826243,
    "success": true,
    "description": "GBDT梯度提升决策树策略"
  },
  "lstm": {
    "total_return": -0.029242337578483935,
    "annualized_return": -0.05275297556791736,
    "sharpe_ratio": -0.1453931005482139,
    "max_drawdown": 0.20200620205195974,
    "success": true,
    "description": "LSTM神经网络策略"
  },
  "transformer": {
    "total_return": -0.01818900818582847,
    "annualized_return": -0.03296490888500503,
    "sharpe_ratio": -1.4322243704960786,
    "max_drawdown": 0.0009868144989013672,
    "success": true,
    "description": "Transformer模型策略"
  },
  "eata": {
    "total_return": 0.3335525901300618,
    "annualized_return": 0.11942007333578952,
    "sharpe_ratio": 0.4918965043176993,
    "max_drawdown": 0.36433506771135055,
    "success": true,
    "description": "EATA强化学习策略"
  },
  "finrl_ppo": {
    "total_return": 0.001938799051848239,
    "annualized_return": 0.003517714742248268,
    "sharpe_ratio": 0.23006474991388962,
    "max_drawdown": 0.012698699201186107,
    "success": true,
    "description": "FinRL PPO强化学习策略"
  },
  "finrl_a2c": {
    "total_return": 0.0,
    "annualized_return": 0.0,
    "sharpe_ratio": 0.0,
    "max_drawdown": 0.0,
    "success": true,
    "description": "FinRL A2C强化学习策略"
  },
  "finrl_sac": {
    "total_return": 0.0,
    "annualized_return": 0.0,
    "sharpe_ratio": 0.0,
    "max_drawdown": 0.0,
    "success": true,
    "description": "FinRL SAC强化学习策略"
  },
  "finrl_td3": {
    "total_return": 0.0485841258059132,
    "annualized_return": 0.08981481353421006,
    "sharpe_ratio": 0.5392356782716595,
    "max_drawdown": 0.11625489123612368,
    "success": true,
    "description": "FinRL TD3强化学习策略"
  },
  "finrl_ddpg": {
    "total_return": 0.0,
    "annualized_return": 0.0,
    "sharpe_ratio": 0.0,
    "max_drawdown": 0.0,
    "success": true,
    "description": "FinRL DDPG强化学习策略"
  }
}