{
  "buy_and_hold": {
    "total_return": 0.2596487912113916,
    "annualized_return": 0.5242782661809591,
    "sharpe_ratio": 1.8426565062688116,
    "max_drawdown": 0.1177262304828826,
    "success": true,
    "description": "买入持有策略"
  },
  "macd": {
    "total_return": 0.2967957458541408,
    "annualized_return": 0.607360585855445,
    "sharpe_ratio": 2.7311508450090654,
    "max_drawdown": 0.04336676728454243,
    "success": true,
    "description": "MACD交叉策略"
  },
  "arima": {
    "total_return": -0.1366581873622158,
    "annualized_return": -0.23534735088804193,
    "sharpe_ratio": -0.9655940603990433,
    "max_drawdown": 0.20106992794947395,
    "success": true,
    "description": "ARIMA时间序列预测"
  },
  "gp": {
    "total_return": -0.2321937641179087,
    "annualized_return": -0.3827522615406178,
    "sharpe_ratio": -1.8426565062688116,
    "max_drawdown": 0.31987221826057627,
    "success": true,
    "description": "遗传编程策略"
  },
  "gbdt": {
    "total_return": -0.053048823910667786,
    "annualized_return": -0.09812362949422615,
    "sharpe_ratio": -0.3106924944509294,
    "max_drawdown": 0.1852782511084993,
    "success": true,
    "description": "GBDT梯度提升决策树策略"
  },
  "lstm": {
    "total_return": -0.2280943962159241,
    "annualized_return": -0.37672107712353164,
    "sharpe_ratio": -1.8702154706484502,
    "max_drawdown": 0.3198726524281743,
    "success": true,
    "description": "LSTM神经网络策略"
  },
  "transformer": {
    "total_return": 0.0,
    "annualized_return": 0.0,
    "sharpe_ratio": 0.0,
    "max_drawdown": 0.0,
    "success": true,
    "description": "Transformer模型策略"
  },
  "eata": {
    "total_return": 0.301112303905829,
    "annualized_return": 0.10866781338381193,
    "sharpe_ratio": 0.46556161301325494,
    "max_drawdown": 0.1784504903297635,
    "success": true,
    "description": "EATA强化学习策略"
  },
  "finrl_ppo": {
    "total_return": 0.2112722992440732,
    "annualized_return": 0.41551072703182657,
    "sharpe_ratio": 2.007281564582322,
    "max_drawdown": 0.09659856391895047,
    "success": true,
    "description": "FinRL PPO强化学习策略"
  },
  "finrl_a2c": {
    "total_return": 0.2871188136901317,
    "annualized_return": 0.5802764607291842,
    "sharpe_ratio": 2.035454550267616,
    "max_drawdown": 0.11771513666402185,
    "success": true,
    "description": "FinRL A2C强化学习策略"
  },
  "finrl_sac": {
    "total_return": 0.2871188136901317,
    "annualized_return": 0.5802764607291842,
    "sharpe_ratio": 2.035454550267616,
    "max_drawdown": 0.11771513666402185,
    "success": true,
    "description": "FinRL SAC强化学习策略"
  },
  "finrl_td3": {
    "total_return": 0.0,
    "annualized_return": 0.0,
    "sharpe_ratio": 0.0,
    "max_drawdown": 0.0,
    "success": true,
    "description": "FinRL TD3强化学习策略"
  },
  "finrl_ddpg": {
    "total_return": 0.0,
    "annualized_return": 0.0,
    "sharpe_ratio": 0.0,
    "max_drawdown": 0.0,
    "success": true,
    "description": "FinRL DDPG强化学习策略"
  }
}