{
  "buy_and_hold": {
    "total_return": 0.5611381373598765,
    "annualized_return": 0.1633142730128916,
    "sharpe_ratio": 0.6086795153469179,
    "max_drawdown": 0.3755646610503873,
    "success": true,
    "description": "买入持有策略"
  },
  "macd": {
    "total_return": -0.030629805858402692,
    "annualized_return": -0.010509603904614084,
    "sharpe_ratio": 0.0536042421240848,
    "max_drawdown": 0.3600253407822058,
    "success": true,
    "description": "MACD交叉策略"
  },
  "arima": {
    "total_return": -0.0017512890703222928,
    "annualized_return": -0.0005951216873694154,
    "sharpe_ratio": 0.1704397555978044,
    "max_drawdown": 0.573719178203077,
    "success": true,
    "description": "ARIMA时间序列预测"
  },
  "gp": {
    "total_return": -0.6442766492998131,
    "annualized_return": -0.29604062202495274,
    "sharpe_ratio": -0.8319772079784861,
    "max_drawdown": 0.7413018180012484,
    "success": true,
    "description": "遗传编程策略"
  },
  "lightgbm": {
    "total_return": -0.10236742730014259,
    "annualized_return": -0.036941596197367255,
    "sharpe_ratio": 0.06530936121820738,
    "max_drawdown": 0.605832983087783,
    "success": true,
    "description": "LightGBM机器学习策略"
  },
  "lstm": {
    "total_return": -0.2752202441835766,
    "annualized_return": -0.10355673044738745,
    "sharpe_ratio": -0.15306150352048184,
    "max_drawdown": 0.5706476706911776,
    "success": true,
    "description": "LSTM神经网络策略"
  },
  "transformer": {
    "total_return": 0.459921189059594,
    "annualized_return": 0.13712966384242575,
    "sharpe_ratio": 0.6800571938682055,
    "max_drawdown": 0.1594917251410975,
    "success": true,
    "description": "Transformer模型策略"
  },
  "eata": {
    "total_return": -0.2549218470077518,
    "annualized_return": -0.07099354870071695,
    "sharpe_ratio": -0.13375436707869956,
    "max_drawdown": 0.5532047310155955,
    "success": true,
    "description": "EATA强化学习策略"
  },
  "finrl_ppo": {
    "total_return": 0.522604793304352,
    "annualized_return": 0.15326014772232188,
    "sharpe_ratio": 0.6007257295435602,
    "max_drawdown": 0.3755555048459947,
    "success": true,
    "description": "FinRL PPO强化学习策略"
  },
  "finrl_a2c": {
    "total_return": 0.5056425005371863,
    "annualized_return": 0.14888651860639102,
    "sharpe_ratio": 0.5901737778278885,
    "max_drawdown": 0.3741857695210427,
    "success": true,
    "description": "FinRL A2C强化学习策略"
  },
  "finrl_sac": {
    "total_return": 0.0,
    "annualized_return": 0.0,
    "sharpe_ratio": 0.0,
    "max_drawdown": 0.0,
    "success": true,
    "description": "FinRL SAC强化学习策略"
  },
  "finrl_td3": {
    "total_return": 0.0,
    "annualized_return": 0.0,
    "sharpe_ratio": 0.0,
    "max_drawdown": 0.0,
    "success": true,
    "description": "FinRL TD3强化学习策略"
  },
  "finrl_ddpg": {
    "total_return": 0.5220555259802551,
    "annualized_return": 0.1531190281161341,
    "sharpe_ratio": 0.5996121578296333,
    "max_drawdown": 0.37556411538283213,
    "success": true,
    "description": "FinRL DDPG强化学习策略"
  }
}