{
  "eata": {
    "metrics": {
      "total_return": 0.17423921820397026,
      "annualized_return": 0.055149191844419576,
      "sharpe_ratio": 0.7069081598082708,
      "max_drawdown": 0.12996152962854968,
      "num_trades": 88.0
    },
    "description": "EATA强化学习策略",
    "success": true
  },
  "lstm": {
    "metrics": {
      "total_return": 0.19271569740872363,
      "annualized_return": 0.06066926284058405,
      "sharpe_ratio": 0.5314129765258808,
      "max_drawdown": 0.20470006532628265,
      "num_trades": 136.0
    },
    "description": "LSTM神经网络策略",
    "success": true
  },
  "transformer": {
    "metrics": {
      "total_return": 0.003906471613103202,
      "annualized_return": 0.001303917019290779,
      "sharpe_ratio": 0.221687433528583,
      "max_drawdown": 0.00679135322570793,
      "num_trades": 6.0
    },
    "description": "Transformer模型策略",
    "success": true
  }
}