{
  "lightgbm": {
    "metrics": {
      "total_return": -0.41182582200120066,
      "annualized_return": -0.16352955352026344,
      "sharpe_ratio": -0.5057275735574699,
      "max_drawdown": 0.509067234448481,
      "num_trades": 20.0
    },
    "description": "LightGBM机器学习策略",
    "success": true
  }
}