{
  "eata": {
    "metrics": {
      "total_return": 0.05710516384890796,
      "annualized_return": 0.012439470432597188,
      "sharpe_ratio": 0.2807577256878343,
      "max_drawdown": 0.030185456187274317,
      "num_trades": 16.0
    },
    "description": "EATA强化学习策略",
    "success": true
  }
}