{
  "transformer": {
    "metrics": {
      "total_return": 0.46522807378140985,
      "annualized_return": 0.1361833813920006,
      "sharpe_ratio": 0.5983796400282587,
      "max_drawdown": 0.3091283175789606,
      "num_trades": 0.0
    },
    "description": "Transformer模型策略",
    "success": true
  }
}