{
  "buy_and_hold": {
    "metrics": {
      "total_return": 0.0005200387597650291,
      "annualized_return": 0.0002625909916025293,
      "sharpe_ratio": 0.15599069409632554,
      "max_drawdown": 0.31499576847979693,
      "num_trades": 0.0
    },
    "description": "买入持有策略",
    "success": true
  },
  "macd": {
    "metrics": {
      "total_return": 0.03243844705753851,
      "annualized_return": 0.01625230633625807,
      "sharpe_ratio": 0.18434556382295944,
      "max_drawdown": 0.2239928500982627,
      "num_trades": 37.0
    },
    "description": "MACD交叉策略",
    "success": true
  },
  "arima": {
    "metrics": {
      "total_return": -0.21346552084979342,
      "annualized_return": -0.45730688471564007,
      "sharpe_ratio": -1.6645933667009511,
      "max_drawdown": 0.25496283858051133,
      "num_trades": 10.0
    },
    "description": "ARIMA时间序列预测",
    "success": true
  },
  "gp": {
    "metrics": {
      "total_return": -0.10094681477558398,
      "annualized_return": -0.2372841076200768,
      "sharpe_ratio": -0.6408824043992287,
      "max_drawdown": 0.2736496741405375,
      "num_trades": 0.0
    },
    "description": "遗传编程策略",
    "success": true
  },
  "lightgbm": {
    "metrics": {
      "annualized_return": 0,
      "sharpe_ratio": 0,
      "max_drawdown": 0,
      "total_return": 0,
      "num_trades": 0
    },
    "description": "LightGBM机器学习策略",
    "success": true
  },
  "lstm": {
    "metrics": {
      "total_return": 0.0641939440576147,
      "annualized_return": 0.171602191527795,
      "sharpe_ratio": 0.6408810866438603,
      "max_drawdown": 0.20233852747112915,
      "num_trades": 0.0
    },
    "description": "LSTM神经网络策略",
    "success": true
  },
  "transformer": {
    "metrics": {
      "total_return": 0.0641939440576147,
      "annualized_return": 0.171602191527795,
      "sharpe_ratio": 0.6408810866438603,
      "max_drawdown": 0.20233852747112915,
      "num_trades": 0.0
    },
    "description": "Transformer模型策略",
    "success": true
  },
  "ppo": {
    "metrics": null,
    "description": "PPO强化学习策略",
    "success": false
  },
  "eata": {
    "metrics": {
      "total_return": -0.04032254903453636,
      "annualized_return": -0.09946470376088512,
      "sharpe_ratio": -0.5379160672957498,
      "max_drawdown": 0.07614581342359791,
      "num_trades": 24.0
    },
    "description": "EATA强化学习策略",
    "success": true
  }
}