{
  "finrl_ppo": {
    "total_return": 0.42779972085710427,
    "annualized_return": 0.9072341425301473,
    "sharpe_ratio": 2.3534523340622457,
    "max_drawdown": 0.09242723097037707,
    "success": true,
    "description": "FinRL PPO强化学习策略"
  },
  "finrl_a2c": {
    "total_return": 0.795843998632842,
    "annualized_return": 1.890521345437743,
    "sharpe_ratio": 3.5188842512554985,
    "max_drawdown": 0.1404629223309274,
    "success": true,
    "description": "FinRL A2C强化学习策略"
  },
  "finrl_sac": {
    "total_return": 0.39400587312845503,
    "annualized_return": 0.8261836956216366,
    "sharpe_ratio": 2.1628727569506765,
    "max_drawdown": 0.12460433007271432,
    "success": true,
    "description": "FinRL SAC强化学习策略"
  },
  "finrl_td3": {
    "total_return": -0.10544296080448867,
    "annualized_return": -0.18291392542418616,
    "sharpe_ratio": -0.3577268591504982,
    "max_drawdown": 0.24379967086260568,
    "success": true,
    "description": "FinRL TD3强化学习策略"
  },
  "finrl_ddpg": {
    "total_return": 0.18842865241867623,
    "annualized_return": 0.36748471221246604,
    "sharpe_ratio": 1.1450118018942008,
    "max_drawdown": 0.22489228952771823,
    "success": true,
    "description": "FinRL DDPG强化学习策略"
  }
}