{
  "buy_and_hold": {
    "metrics": {
      "total_return": 69.07743689209056,
      "annualized_return": 0.32821022467676975,
      "sharpe_ratio": 1.1363998895351317,
      "max_drawdown": 0.43797188918221513,
      "num_trades": 0.0
    },
    "description": "买入持有策略",
    "success": true
  }
}