{
  "lstm": {
    "metrics": {
      "total_return": 0.19271569740872363,
      "annualized_return": 0.06066926284058405,
      "sharpe_ratio": 0.5314129765258808,
      "max_drawdown": 0.20470006532628265,
      "num_trades": 136.0
    },
    "description": "LSTM神经网络策略",
    "success": true
  }
}