{
  "lstm": {
    "total_return": 0.0627489093962399,
    "annualized_return": 0.1175441719237722,
    "sharpe_ratio": 0.7607055496849772,
    "max_drawdown": 0.06759571000805208,
    "success": true,
    "description": "LSTM神经网络策略"
  },
  "transformer": {
    "total_return": -0.07416998576740985,
    "annualized_return": -0.13127331312586177,
    "sharpe_ratio": -2.031845430662444,
    "max_drawdown": 0.07416998576740985,
    "success": true,
    "description": "Transformer模型策略"
  }
}