{
  "eata": {
    "metrics": {
      "total_return": 0.12174290197869375,
      "annualized_return": 0.039142779840763975,
      "sharpe_ratio": 0.285115274372208,
      "max_drawdown": 0.23992567313784513,
      "num_trades": 231.0
    },
    "description": "EATA强化学习策略",
    "success": true
  }
}