{
  "transformer": {
    "total_return": 0.06029281270222575,
    "annualized_return": 0.1128323797746531,
    "sharpe_ratio": 0.7240309020972349,
    "max_drawdown": 0.08157450486334653,
    "success": true,
    "description": "Transformer模型策略"
  }
}