{
  "buy_and_hold": {
    "metrics": {
      "total_return": 16.37212966318066,
      "annualized_return": 0.21006924495904644,
      "sharpe_ratio": 0.8312317776791813,
      "max_drawdown": 0.4432006064781495,
      "num_trades": 0.0
    },
    "description": "买入持有策略",
    "success": true
  },
  "macd": {
    "metrics": {
      "total_return": 2.907262369590553,
      "annualized_return": 0.0952956879446758,
      "sharpe_ratio": 0.5693573733230244,
      "max_drawdown": 0.42537823118327556,
      "num_trades": 319.0
    },
    "description": "MACD交叉策略",
    "success": true
  },
  "arima": {
    "metrics": {
      "total_return": -0.8467170324655604,
      "annualized_return": -0.34131336126554557,
      "sharpe_ratio": -1.1245988195796188,
      "max_drawdown": 0.8480624996983226,
      "num_trades": 20.0
    },
    "description": "ARIMA时间序列预测",
    "success": true
  },
  "gp": {
    "metrics": {
      "total_return": -0.7594901333809161,
      "annualized_return": -0.2718329912090486,
      "sharpe_ratio": -0.8134983986183364,
      "max_drawdown": 0.8078248070630809,
      "num_trades": 1142.0
    },
    "description": "遗传编程策略",
    "success": true
  },
  "lightgbm": {
    "metrics": {
      "total_return": -0.5997125799430144,
      "annualized_return": -0.1851280317434889,
      "sharpe_ratio": -0.4667793792771396,
      "max_drawdown": 0.7426537303362385,
      "num_trades": 68.0
    },
    "description": "LightGBM机器学习策略",
    "success": true
  },
  "lstm": {
    "metrics": {
      "total_return": 0.008255499789340703,
      "annualized_return": 0.0018319282353196353,
      "sharpe_ratio": 0.21388266355527072,
      "max_drawdown": 0.014019966125488281,
      "num_trades": 4.0
    },
    "description": "LSTM神经网络策略",
    "success": true
  },
  "transformer": {
    "metrics": {
      "total_return": 1.511054628001339,
      "annualized_return": 0.22747856143070666,
      "sharpe_ratio": 0.7943941370895559,
      "max_drawdown": 0.4432008418456177,
      "num_trades": 0.0
    },
    "description": "Transformer模型策略",
    "success": true
  },
  "ppo": {
    "metrics": {
      "total_return": 0.2102946917959283,
      "annualized_return": 0.04340471617800845,
      "sharpe_ratio": 0.2918417218504542,
      "max_drawdown": 0.5227030733267191,
      "num_trades": 725.0
    },
    "description": "PPO强化学习策略",
    "success": true
  },
  "eata": {
    "metrics": {
      "total_return": 0.0006448749692318234,
      "annualized_return": 0.0001435227683128648,
      "sharpe_ratio": 0.02931208275165238,
      "max_drawdown": 0.07123781442541549,
      "num_trades": 16.0
    },
    "description": "EATA强化学习策略",
    "success": true
  }
}