{
  "arima": {
    "metrics": {
      "total_return": 0.13286458947514945,
      "annualized_return": 0.04257483202509871,
      "sharpe_ratio": 0.2888478564271079,
      "max_drawdown": 0.41110270943870286,
      "num_trades": 22.0
    },
    "description": "ARIMA时间序列预测",
    "success": true
  }
}