{
  "eata": {
    "metrics": {
      "total_return": 0.057695866091875825,
      "annualized_return": 0.012565385963349884,
      "sharpe_ratio": 0.31310975427871085,
      "max_drawdown": 0.09475314756201238,
      "num_trades": 18.0
    },
    "description": "EATA强化学习策略",
    "success": true
  }
}