{
  "finrl_ppo": {
    "total_return": -0.3221356961659808,
    "annualized_return": -0.5058368736204497,
    "sharpe_ratio": -2.5157870711618306,
    "max_drawdown": 0.32213569616598076,
    "success": true,
    "description": "FinRL PPO强化学习策略"
  }
}