{
  "lstm": {
    "metrics": {
      "total_return": 0.007938217289640281,
      "annualized_return": 0.002646110969133364,
      "sharpe_ratio": 0.10793502691036128,
      "max_drawdown": 0.033661842346191406,
      "num_trades": 2.0
    },
    "description": "LSTM神经网络策略",
    "success": true
  }
}