{
  "lstm": {
    "metrics": {
      "total_return": -0.4585472344035948,
      "annualized_return": -0.18538710568713113,
      "sharpe_ratio": -0.5983796400282587,
      "max_drawdown": 0.5317820270800224,
      "num_trades": 0.0
    },
    "description": "LSTM神经网络策略",
    "success": true
  }
}