{
  "macd": {
    "metrics": {
      "total_return": 18.462963500733977,
      "annualized_return": 0.21928918437769496,
      "sharpe_ratio": 1.2035024567983366,
      "max_drawdown": 0.34895764394107315,
      "num_trades": 284.0
    },
    "description": "MACD交叉策略",
    "success": true
  }
}