{
  "buy_and_hold": {
    "metrics": {
      "total_return": 8.868126174807104,
      "annualized_return": 0.1652129044016437,
      "sharpe_ratio": 0.6829987406957645,
      "max_drawdown": 0.5273139146537414,
      "num_trades": 0.0
    },
    "description": "买入持有策略",
    "success": true
  },
  "macd": {
    "metrics": {
      "total_return": 2.035380926410527,
      "annualized_return": 0.07697888738069358,
      "sharpe_ratio": 0.49809405031259224,
      "max_drawdown": 0.31686295184859786,
      "num_trades": 292.0
    },
    "description": "MACD交叉策略",
    "success": true
  },
  "arima": {
    "metrics": {
      "total_return": -0.6933775413262036,
      "annualized_return": -0.2313822269987552,
      "sharpe_ratio": -0.6008287604166967,
      "max_drawdown": 0.746982729014266,
      "num_trades": 24.0
    },
    "description": "ARIMA时间序列预测",
    "success": true
  },
  "gp": {
    "metrics": {
      "total_return": 0.3376398277376451,
      "annualized_return": 0.0669031047926616,
      "sharpe_ratio": 0.3601247418354616,
      "max_drawdown": 0.527313914653742,
      "num_trades": 0.0
    },
    "description": "遗传编程策略",
    "success": true
  },
  "lightgbm": {
    "metrics": {
      "total_return": -0.5934760762917421,
      "annualized_return": -0.18230624166443754,
      "sharpe_ratio": -0.41820540250176114,
      "max_drawdown": 0.6846224411882109,
      "num_trades": 20.0
    },
    "description": "LightGBM机器学习策略",
    "success": true
  },
  "lstm": {
    "metrics": {
      "total_return": -0.25209822691197226,
      "annualized_return": -0.06261947277672897,
      "sharpe_ratio": -0.34141499439816997,
      "max_drawdown": 0.42915940142070264,
      "num_trades": 210.0
    },
    "description": "LSTM神经网络策略",
    "success": true
  },
  "transformer": {
    "metrics": {
      "total_return": -0.04038853603229553,
      "annualized_return": -0.009135711331102803,
      "sharpe_ratio": -0.7696813828254231,
      "max_drawdown": 0.026175419280235725,
      "num_trades": 1.0
    },
    "description": "Transformer模型策略",
    "success": true
  },
  "ppo": {
    "metrics": {
      "total_return": 0.45266714766664773,
      "annualized_return": 0.08667727218575139,
      "sharpe_ratio": 0.435509035498719,
      "max_drawdown": 0.38747551990771084,
      "num_trades": 955.0
    },
    "description": "PPO强化学习策略",
    "success": true
  },
  "eata": {
    "metrics": {
      "annualized_return": 0.1291013927363458,
      "sharpe_ratio": 0.4749221870620714,
      "max_drawdown": 0.49360989306364533,
      "total_return": 0.6245104698905377
    },
    "description": "EATA强化学习策略",
    "success": true
  }
}