{
  "buy_and_hold": {
    "metrics": {
      "total_return": 1.2566778701574468,
      "annualized_return": 0.070297673824683,
      "sharpe_ratio": 0.4082568939340708,
      "max_drawdown": 0.5423419032533199,
      "num_trades": 0.0
    },
    "description": "买入持有策略",
    "success": true
  },
  "macd": {
    "metrics": {
      "total_return": 0.5186481430030094,
      "annualized_return": 0.03549134690694378,
      "sharpe_ratio": 0.3053016540815233,
      "max_drawdown": 0.31498462718387604,
      "num_trades": 255.0
    },
    "description": "MACD交叉策略",
    "success": true
  },
  "arima": {
    "metrics": {
      "total_return": -0.41738627167507814,
      "annualized_return": -0.13966112579180978,
      "sharpe_ratio": -0.82923548027141,
      "max_drawdown": 0.46209480799778696,
      "num_trades": 64.0
    },
    "description": "ARIMA时间序列预测",
    "success": true
  },
  "gp": {
    "metrics": {
      "total_return": 0.4530530719842727,
      "annualized_return": 0.10965447875237411,
      "sharpe_ratio": 0.7130566305215864,
      "max_drawdown": 0.1756873624349213,
      "num_trades": 912.0
    },
    "description": "遗传编程策略",
    "success": true
  },
  "lightgbm": {
    "metrics": {
      "total_return": 0.1425240816549893,
      "annualized_return": 0.03801182631697109,
      "sharpe_ratio": 0.30840747390242257,
      "max_drawdown": 0.365336703634963,
      "num_trades": 258.0
    },
    "description": "LightGBM机器学习策略",
    "success": true
  },
  "lstm": {
    "metrics": {
      "total_return": 0.0,
      "annualized_return": 0.0,
      "sharpe_ratio": 0.0,
      "max_drawdown": 0.0,
      "num_trades": 0.0
    },
    "description": "LSTM神经网络策略",
    "success": true
  },
  "transformer": {
    "metrics": {
      "total_return": 0.09643360433056936,
      "annualized_return": 0.025966554454067703,
      "sharpe_ratio": 0.23805824110217605,
      "max_drawdown": 0.3178628236475462,
      "num_trades": 0.0
    },
    "description": "Transformer模型策略",
    "success": true
  },
  "ppo": {
    "metrics": {
      "total_return": 0.1592803223709025,
      "annualized_return": 0.04201380549242084,
      "sharpe_ratio": 0.4295265664735793,
      "max_drawdown": 0.18280560623698408,
      "num_trades": 637.0
    },
    "description": "PPO强化学习策略",
    "success": true
  },
  "eata": {
    "metrics": {
      "annualized_return": 0.054066322995760974,
      "sharpe_ratio": 0.28373728912153534,
      "max_drawdown": 0.3397805472916814,
      "total_return": 0.23418711000000036
    },
    "description": "EATA强化学习策略",
    "success": true
  }
}