{
  "buy_and_hold": {
    "total_return": 0.2901764161993623,
    "annualized_return": 0.018460143308636878,
    "sharpe_ratio": 0.19932299659235642,
    "max_drawdown": 0.6986970531663861,
    "success": true,
    "description": "买入持有策略"
  },
  "macd": {
    "total_return": 0.498593514741553,
    "annualized_return": 0.02946882457125799,
    "sharpe_ratio": 0.2522418322810917,
    "max_drawdown": 0.3972290876020641,
    "success": true,
    "description": "MACD交叉策略"
  },
  "arima": {
    "total_return": -0.4515573763886991,
    "annualized_return": -0.19396334947325178,
    "sharpe_ratio": -0.3183093508408646,
    "max_drawdown": 0.6221896138673034,
    "success": true,
    "description": "ARIMA时间序列预测"
  },
  "gp": {
    "total_return": 0.9548997725129311,
    "annualized_return": 0.27205599585737006,
    "sharpe_ratio": 0.7912968055683787,
    "max_drawdown": 0.423273680547895,
    "success": true,
    "description": "遗传编程策略"
  },
  "lightgbm": {
    "total_return": 0.18771947609631146,
    "annualized_return": 0.06417429672499075,
    "sharpe_ratio": 0.35503425603446953,
    "max_drawdown": 0.4738161055385817,
    "success": true,
    "description": "LightGBM机器学习策略"
  },
  "lstm": {
    "total_return": 0.11640749503625347,
    "annualized_return": 0.04032045720917088,
    "sharpe_ratio": 0.30386881102985636,
    "max_drawdown": 0.2064005703077704,
    "success": true,
    "description": "LSTM神经网络策略"
  },
  "transformer": {
    "total_return": 0.0,
    "annualized_return": 0.0,
    "sharpe_ratio": 0.0,
    "max_drawdown": 0.0,
    "success": true,
    "description": "Transformer模型策略"
  },
  "eata": {
    "total_return": 11.144758739780432,
    "annualized_return": 0.8679551120127365,
    "sharpe_ratio": 2.1100785339711954,
    "max_drawdown": 0.1750098464689468,
    "success": true,
    "description": "EATA强化学习策略"
  },
  "finrl_ppo": {
    "total_return": 0.3487371112938069,
    "annualized_return": 0.11320263814292209,
    "sharpe_ratio": 1.0006635338143437,
    "max_drawdown": 0.11226872798146183,
    "success": true,
    "description": "FinRL PPO强化学习策略"
  },
  "finrl_a2c": {
    "total_return": 0.0,
    "annualized_return": 0.0,
    "sharpe_ratio": 0.0,
    "max_drawdown": 0.0,
    "success": true,
    "description": "FinRL A2C强化学习策略"
  },
  "finrl_sac": {
    "total_return": 0.0,
    "annualized_return": 0.0,
    "sharpe_ratio": 0.0,
    "max_drawdown": 0.0,
    "success": true,
    "description": "FinRL SAC强化学习策略"
  },
  "finrl_td3": {
    "total_return": 1.5256494679024573,
    "annualized_return": 0.39391455236518835,
    "sharpe_ratio": 1.2646118930091128,
    "max_drawdown": 0.22987203418287663,
    "success": true,
    "description": "FinRL TD3强化学习策略"
  },
  "finrl_ddpg": {
    "total_return": 0.0,
    "annualized_return": 0.0,
    "sharpe_ratio": 0.0,
    "max_drawdown": 0.0,
    "success": true,
    "description": "FinRL DDPG强化学习策略"
  }
}