{
  "buy_and_hold": {
    "total_return": 0.41313654363555186,
    "annualized_return": 0.12462032992911642,
    "sharpe_ratio": 0.4888099664029207,
    "max_drawdown": 0.6544994295506881,
    "success": true,
    "description": "买入持有策略"
  },
  "macd": {
    "total_return": 1.1595673030103537,
    "annualized_return": 0.29884855826119816,
    "sharpe_ratio": 0.8445027935698136,
    "max_drawdown": 0.3469903547333551,
    "success": true,
    "description": "MACD交叉策略"
  },
  "arima": {
    "total_return": -0.48452709372717506,
    "annualized_return": -0.20153002801785458,
    "sharpe_ratio": -0.12319898854943064,
    "max_drawdown": 0.795060686026882,
    "success": true,
    "description": "ARIMA时间序列预测"
  },
  "gp": {
    "total_return": -0.2030870134367968,
    "annualized_return": -0.07420056617117565,
    "sharpe_ratio": 0.14224442262937448,
    "max_drawdown": 0.6920986283357039,
    "success": true,
    "description": "遗传编程策略"
  },
  "lightgbm": {
    "total_return": -0.4028041512876963,
    "annualized_return": -0.16446236860586927,
    "sharpe_ratio": -0.03796079925476992,
    "max_drawdown": 0.7950606860268818,
    "success": true,
    "description": "LightGBM机器学习策略"
  },
  "lstm": {
    "total_return": -0.21652770235924312,
    "annualized_return": -0.07953340832750799,
    "sharpe_ratio": 0.12495556994802175,
    "max_drawdown": 0.7663901527462277,
    "success": true,
    "description": "LSTM神经网络策略"
  },
  "transformer": {
    "total_return": 0.0,
    "annualized_return": 0.0,
    "sharpe_ratio": 0.0,
    "max_drawdown": 0.0,
    "success": true,
    "description": "Transformer模型策略"
  },
  "eata": {
    "total_return": 4.560551688539501,
    "annualized_return": 0.5362590528546824,
    "sharpe_ratio": 1.0441227969472056,
    "max_drawdown": 0.451479609773301,
    "success": true,
    "description": "EATA强化学习策略"
  },
  "finrl_ppo": {
    "total_return": 0.17781078074217982,
    "annualized_return": 0.057076381131776266,
    "sharpe_ratio": 0.35401133884157715,
    "max_drawdown": 0.6544993415641374,
    "success": true,
    "description": "FinRL PPO强化学习策略"
  },
  "finrl_a2c": {
    "total_return": 0.11095717161967067,
    "annualized_return": 0.036332111689278745,
    "sharpe_ratio": 0.30837325693534823,
    "max_drawdown": 0.6535564978195164,
    "success": true,
    "description": "FinRL A2C强化学习策略"
  },
  "finrl_sac": {
    "total_return": 0.21423855811091586,
    "annualized_return": 0.06805352774215434,
    "sharpe_ratio": 0.37685377340857124,
    "max_drawdown": 0.6544877456524544,
    "success": true,
    "description": "FinRL SAC强化学习策略"
  },
  "finrl_td3": {
    "total_return": 0.21423855811091586,
    "annualized_return": 0.06805352774215434,
    "sharpe_ratio": 0.37685377340857124,
    "max_drawdown": 0.6544877456524544,
    "success": true,
    "description": "FinRL TD3强化学习策略"
  },
  "finrl_ddpg": {
    "total_return": 0.21423855811091586,
    "annualized_return": 0.06805352774215434,
    "sharpe_ratio": 0.37685377340857124,
    "max_drawdown": 0.6544877456524544,
    "success": true,
    "description": "FinRL DDPG强化学习策略"
  }
}