{
  "buy_and_hold": {
    "total_return": 11.333989224840511,
    "annualized_return": 0.19766577883378345,
    "sharpe_ratio": 0.8044426062835048,
    "max_drawdown": 0.37556466105038566,
    "success": true,
    "description": "买入持有策略"
  },
  "macd": {
    "total_return": 0.5651867684693404,
    "annualized_return": 0.03268734038244325,
    "sharpe_ratio": 0.26994390658491707,
    "max_drawdown": 0.3600253407822063,
    "success": true,
    "description": "MACD交叉策略"
  },
  "arima": {
    "total_return": -0.43222165864199635,
    "annualized_return": -0.18387534104932568,
    "sharpe_ratio": -0.4093702956945481,
    "max_drawdown": 0.5737191782030782,
    "success": true,
    "description": "ARIMA时间序列预测"
  },
  "gp": {
    "total_return": -0.6866327075434508,
    "annualized_return": -0.34068009478075467,
    "sharpe_ratio": -1.0228548204363308,
    "max_drawdown": 0.7413018180012484,
    "success": true,
    "description": "遗传编程策略"
  },
  "lightgbm": {
    "total_return": -0.28099128843967114,
    "annualized_return": -0.11243063326834823,
    "sharpe_ratio": -0.1741304263984559,
    "max_drawdown": 0.5398987931468573,
    "success": true,
    "description": "LightGBM机器学习策略"
  },
  "lstm": {
    "total_return": 0.42804172882787883,
    "annualized_return": 0.1364439336683143,
    "sharpe_ratio": 0.9818598851373069,
    "max_drawdown": 0.1349449914919661,
    "success": true,
    "description": "LSTM神经网络策略"
  },
  "transformer": {
    "total_return": -0.11726159423054305,
    "annualized_return": -0.04378602883200455,
    "sharpe_ratio": -0.10331052373960325,
    "max_drawdown": 0.2059807111067666,
    "success": true,
    "description": "Transformer模型策略"
  },
  "eata": {
    "total_return": 1.5011242550277677,
    "annualized_return": 0.25786101988911003,
    "sharpe_ratio": 0.8498318095764933,
    "max_drawdown": 0.2717507624971549,
    "success": true,
    "description": "EATA强化学习策略"
  },
  "finrl_ppo": {
    "total_return": 0.3546796177587286,
    "annualized_return": 0.11495833306928027,
    "sharpe_ratio": 0.5344355443919906,
    "max_drawdown": 0.37410164984192246,
    "success": true,
    "description": "FinRL PPO强化学习策略"
  },
  "finrl_a2c": {
    "total_return": 0.5021683728793334,
    "annualized_return": 0.15703690896219147,
    "sharpe_ratio": 0.6526166770982773,
    "max_drawdown": 0.3755325254622985,
    "success": true,
    "description": "FinRL A2C强化学习策略"
  },
  "finrl_sac": {
    "total_return": 0.0,
    "annualized_return": 0.0,
    "sharpe_ratio": 0.0,
    "max_drawdown": 0.0,
    "success": true,
    "description": "FinRL SAC强化学习策略"
  },
  "finrl_td3": {
    "total_return": 0.5021683728793334,
    "annualized_return": 0.15703690896219147,
    "sharpe_ratio": 0.6526166770982773,
    "max_drawdown": 0.3755325254622985,
    "success": true,
    "description": "FinRL TD3强化学习策略"
  },
  "finrl_ddpg": {
    "total_return": 0.0,
    "annualized_return": 0.0,
    "sharpe_ratio": 0.0,
    "max_drawdown": 0.0,
    "success": true,
    "description": "FinRL DDPG强化学习策略"
  }
}