{
  "buy_and_hold": {
    "total_return": 0.6565728012141292,
    "annualized_return": 0.18699491388814926,
    "sharpe_ratio": 0.7685159609085851,
    "max_drawdown": 0.3151385559807474,
    "success": true,
    "description": "买入持有策略"
  },
  "macd": {
    "total_return": 0.6432195258821831,
    "annualized_return": 0.18373667955598272,
    "sharpe_ratio": 1.087092676467623,
    "max_drawdown": 0.1795052077109578,
    "success": true,
    "description": "MACD交叉策略"
  },
  "arima": {
    "total_return": 0.11017006047740208,
    "annualized_return": 0.19477146835369807,
    "sharpe_ratio": 0.6966130094623381,
    "max_drawdown": 0.1625676154280608,
    "success": true,
    "description": "ARIMA时间序列预测"
  },
  "gp": {
    "total_return": 0.0,
    "annualized_return": 0.0,
    "sharpe_ratio": 0.0,
    "max_drawdown": 0.0,
    "success": true,
    "description": "遗传编程策略"
  },
  "lightgbm": {
    "total_return": 0.41964004465777816,
    "annualized_return": 0.8542754282471818,
    "sharpe_ratio": 2.221558525376325,
    "max_drawdown": 0.10772368351950062,
    "success": true,
    "description": "LightGBM机器学习策略"
  },
  "lstm": {
    "total_return": -0.05102009030518162,
    "annualized_return": -0.08530677226752104,
    "sharpe_ratio": -0.32629274986394724,
    "max_drawdown": 0.1816698422119358,
    "success": true,
    "description": "LSTM神经网络策略"
  },
  "transformer": {
    "total_return": 0.036746541777600505,
    "annualized_return": 0.06337334653803284,
    "sharpe_ratio": 0.5675664222740165,
    "max_drawdown": 0.0649427708347069,
    "success": true,
    "description": "Transformer模型策略"
  },
  "eata": {
    "total_return": 2.1613483197021486,
    "annualized_return": 0.5215908065699479,
    "sharpe_ratio": 1.918803549752556,
    "max_drawdown": 0.20340927520954596,
    "success": true,
    "description": "EATA强化学习策略"
  },
  "finrl_ppo": {
    "total_return": 0.04110389873583986,
    "annualized_return": 0.07050152660108444,
    "sharpe_ratio": 0.3903910745438781,
    "max_drawdown": 0.18951026048304462,
    "success": true,
    "description": "FinRL PPO强化学习策略"
  },
  "finrl_a2c": {
    "total_return": 0.040004516609924545,
    "annualized_return": 0.06859036414655084,
    "sharpe_ratio": 0.37861995188929776,
    "max_drawdown": 0.1894554715153478,
    "success": true,
    "description": "FinRL A2C强化学习策略"
  },
  "finrl_sac": {
    "total_return": 0.040004516609924545,
    "annualized_return": 0.06859036414655084,
    "sharpe_ratio": 0.37861995188929776,
    "max_drawdown": 0.1894554715153478,
    "success": true,
    "description": "FinRL SAC强化学习策略"
  },
  "finrl_td3": {
    "total_return": 0.0,
    "annualized_return": 0.0,
    "sharpe_ratio": 0.0,
    "max_drawdown": 0.0,
    "success": true,
    "description": "FinRL TD3强化学习策略"
  },
  "finrl_ddpg": {
    "total_return": 0.040004516609924545,
    "annualized_return": 0.06859036414655084,
    "sharpe_ratio": 0.37861995188929776,
    "max_drawdown": 0.1894554715153478,
    "success": true,
    "description": "FinRL DDPG强化学习策略"
  }
}