{
  "buy_and_hold": {
    "metrics": {
      "total_return": 23.95863532107676,
      "annualized_return": 0.23971219147381917,
      "sharpe_ratio": 0.9361393157168414,
      "max_drawdown": 0.37148493781305514,
      "num_trades": 0.0
    },
    "description": "买入持有策略",
    "success": true
  },
  "macd": {
    "metrics": {
      "total_return": 0.9872337802083808,
      "annualized_return": 0.046936047010129656,
      "sharpe_ratio": 0.3470319690706684,
      "max_drawdown": 0.3874322749138043,
      "num_trades": 318.0
    },
    "description": "MACD交叉策略",
    "success": true
  },
  "arima": {
    "metrics": {
      "total_return": -0.8144780552423007,
      "annualized_return": -0.3127196401529768,
      "sharpe_ratio": -1.041527236646195,
      "max_drawdown": 0.817734910757209,
      "num_trades": 16.0
    },
    "description": "ARIMA时间序列预测",
    "success": true
  },
  "gp": {
    "metrics": {
      "total_return": -0.8323555429981752,
      "annualized_return": -0.3280491235338655,
      "sharpe_ratio": -1.1119521238325059,
      "max_drawdown": 0.8632919488084824,
      "num_trades": 1160.0
    },
    "description": "遗传编程策略",
    "success": true
  },
  "lightgbm": {
    "metrics": {
      "total_return": -0.7744267890070986,
      "annualized_return": -0.28320744953251054,
      "sharpe_ratio": -0.9041691078517352,
      "max_drawdown": 0.7864310476220848,
      "num_trades": 0.0
    },
    "description": "LightGBM机器学习策略",
    "success": true
  },
  "lstm": {
    "metrics": {
      "total_return": 0.0007295608520507812,
      "annualized_return": 0.00016236503726618778,
      "sharpe_ratio": 0.4720293116825831,
      "max_drawdown": 0.0,
      "num_trades": 2.0
    },
    "description": "LSTM神经网络策略",
    "success": true
  },
  "transformer": {
    "metrics": {
      "total_return": 1.876417236973896,
      "annualized_return": 0.265165203803291,
      "sharpe_ratio": 0.9086580871819135,
      "max_drawdown": 0.37148544868292654,
      "num_trades": 0.0
    },
    "description": "Transformer模型策略",
    "success": true
  },
  "ppo": {
    "metrics": {
      "total_return": 1.1839213477799135,
      "annualized_return": 0.18992390498492995,
      "sharpe_ratio": 0.7580816614893348,
      "max_drawdown": 0.32066393826129486,
      "num_trades": 683.0
    },
    "description": "PPO强化学习策略",
    "success": true
  },
  "eata": {
    "metrics": {
      "annualized_return": 0.22291009447144816,
      "sharpe_ratio": 0.7504984005123311,
      "max_drawdown": 0.23728005313360306,
      "total_return": 1.234762194764114
    },
    "description": "EATA强化学习策略",
    "success": true
  }
}