{
  "eata": {
    "metrics": {
      "annualized_return": 0.26931123295139203,
      "sharpe_ratio": 0.8869326322542869,
      "max_drawdown": 0.2228707597034784,
      "total_return": 1.5933522434776761
    },
    "description": "EATA强化学习策略",
    "success": true
  }
}