{
  "buy_and_hold": {
    "total_return": -0.14291700587520761,
    "annualized_return": -0.051028755060142705,
    "sharpe_ratio": 0.11496209334470371,
    "max_drawdown": 0.5828267602755502,
    "success": true,
    "description": "买入持有策略"
  },
  "macd": {
    "total_return": -0.09149237006042144,
    "annualized_return": -0.03206221866238512,
    "sharpe_ratio": 0.04969940008239284,
    "max_drawdown": 0.4928518344288123,
    "success": true,
    "description": "MACD交叉策略"
  },
  "arima": {
    "total_return": 0.1022035336851772,
    "annualized_return": 0.18020997101637737,
    "sharpe_ratio": 0.6694079180203519,
    "max_drawdown": 0.14869756445796364,
    "success": true,
    "description": "ARIMA时间序列预测"
  },
  "gp": {
    "total_return": 0.0,
    "annualized_return": 0.0,
    "sharpe_ratio": 0.0,
    "max_drawdown": 0.0,
    "success": true,
    "description": "遗传编程策略"
  },
  "lightgbm": {
    "total_return": -0.19120623139379112,
    "annualized_return": -0.3120002430189378,
    "sharpe_ratio": -0.9735890527811915,
    "max_drawdown": 0.40913959999157035,
    "success": true,
    "description": "LightGBM机器学习策略"
  },
  "lstm": {
    "total_return": 0.028957439200855584,
    "annualized_return": 0.049806133705172506,
    "sharpe_ratio": 0.35877028642267006,
    "max_drawdown": 0.09489148178145124,
    "success": true,
    "description": "LSTM神经网络策略"
  },
  "transformer": {
    "total_return": -0.016241349782304626,
    "annualized_return": -0.02749612840274329,
    "sharpe_ratio": -0.16192277178294193,
    "max_drawdown": 0.11749823408049372,
    "success": true,
    "description": "Transformer模型策略"
  },
  "eata": {
    "total_return": 0.5844947799835205,
    "annualized_return": 0.18276360408312708,
    "sharpe_ratio": 0.5737160660343472,
    "max_drawdown": 0.454574781557722,
    "success": true,
    "description": "EATA强化学习策略"
  },
  "finrl_ppo": {
    "total_return": 0.0,
    "annualized_return": 0.0,
    "sharpe_ratio": 0.0,
    "max_drawdown": 0.0,
    "success": true,
    "description": "FinRL PPO强化学习策略"
  },
  "finrl_a2c": {
    "total_return": 0.12584465202127038,
    "annualized_return": 0.2219804464786339,
    "sharpe_ratio": 1.1651424716010848,
    "max_drawdown": 0.1485839624662638,
    "success": true,
    "description": "FinRL A2C强化学习策略"
  },
  "finrl_sac": {
    "total_return": 0.0,
    "annualized_return": 0.0,
    "sharpe_ratio": 0.0,
    "max_drawdown": 0.0,
    "success": true,
    "description": "FinRL SAC强化学习策略"
  },
  "finrl_td3": {
    "total_return": 0.0,
    "annualized_return": 0.0,
    "sharpe_ratio": 0.0,
    "max_drawdown": 0.0,
    "success": true,
    "description": "FinRL TD3强化学习策略"
  },
  "finrl_ddpg": {
    "total_return": 0.0,
    "annualized_return": 0.0,
    "sharpe_ratio": 0.0,
    "max_drawdown": 0.0,
    "success": true,
    "description": "FinRL DDPG强化学习策略"
  }
}