{
  "buy_and_hold": {
    "metrics": {
      "total_return": 6.679774533304879,
      "annualized_return": 0.14586310592707186,
      "sharpe_ratio": 0.5577559022324126,
      "max_drawdown": 0.7792005308626502,
      "num_trades": 0.0
    },
    "description": "买入持有策略",
    "success": true
  },
  "macd": {
    "metrics": {
      "total_return": 5.971284390452621,
      "annualized_return": 0.13847935390784216,
      "sharpe_ratio": 0.6545276742398248,
      "max_drawdown": 0.42889015655530105,
      "num_trades": 286.0
    },
    "description": "MACD交叉策略",
    "success": true
  },
  "arima": {
    "metrics": {
      "total_return": -0.4851317659576495,
      "annualized_return": -0.13738049745856862,
      "sharpe_ratio": -0.021980946468155443,
      "max_drawdown": 0.8132281513716995,
      "num_trades": 26.0
    },
    "description": "ARIMA时间序列预测",
    "success": true
  },
  "gp": {
    "metrics": {
      "total_return": -0.24808036685881818,
      "annualized_return": -0.061500768350128854,
      "sharpe_ratio": 0.14113792782240994,
      "max_drawdown": 0.7351599672139782,
      "num_trades": 1124.0
    },
    "description": "遗传编程策略",
    "success": true
  },
  "lightgbm": {
    "metrics": {
      "total_return": -0.733382331678262,
      "annualized_return": -0.25590679691347473,
      "sharpe_ratio": -0.3030986729958917,
      "max_drawdown": 0.7744269347022322,
      "num_trades": 266.0
    },
    "description": "LightGBM机器学习策略",
    "success": true
  },
  "lstm": {
    "metrics": {
      "total_return": -0.25065868327215335,
      "annualized_return": -0.062218120578033775,
      "sharpe_ratio": 0.13808536160317536,
      "max_drawdown": 0.7515235459071437,
      "num_trades": 0.0
    },
    "description": "LSTM神经网络策略",
    "success": true
  },
  "transformer": {
    "metrics": {
      "total_return": -0.25065868327215335,
      "annualized_return": -0.062218120578033775,
      "sharpe_ratio": 0.13808536160317536,
      "max_drawdown": 0.7515235459071437,
      "num_trades": 0.0
    },
    "description": "Transformer模型策略",
    "success": true
  },
  "ppo": {
    "metrics": {
      "total_return": -0.8190626247851831,
      "annualized_return": -0.316537363719938,
      "sharpe_ratio": -0.7199942696605555,
      "max_drawdown": 0.849249933413426,
      "num_trades": 1001.0
    },
    "description": "PPO强化学习策略",
    "success": true
  },
  "eata": {
    "metrics": {
      "annualized_return": 0.36376222123867397,
      "sharpe_ratio": 0.8692400001081535,
      "max_drawdown": 0.6920669986258042,
      "total_return": 2.454776404816361
    },
    "description": "EATA强化学习策略",
    "success": true
  }
}