{
  "buy_and_hold": {
    "total_return": 0.206960274045634,
    "annualized_return": 0.0659695138508567,
    "sharpe_ratio": 0.3998081289007653,
    "max_drawdown": 0.27826485210053364,
    "success": true,
    "description": "买入持有策略"
  },
  "macd": {
    "total_return": 0.23622146856903803,
    "annualized_return": 0.07467706943761443,
    "sharpe_ratio": 0.6662901059151307,
    "max_drawdown": 0.12642016836297754,
    "success": true,
    "description": "MACD交叉策略"
  },
  "arima": {
    "total_return": 0.23901842967319675,
    "annualized_return": 0.44040216093226126,
    "sharpe_ratio": 2.2863505020327146,
    "max_drawdown": 0.08242167186829426,
    "success": true,
    "description": "ARIMA时间序列预测"
  },
  "gp": {
    "total_return": 0.0,
    "annualized_return": 0.0,
    "sharpe_ratio": 0.0,
    "max_drawdown": 0.0,
    "success": true,
    "description": "遗传编程策略"
  },
  "lightgbm": {
    "total_return": -0.0810483958695094,
    "annualized_return": -0.13838568771011062,
    "sharpe_ratio": -0.8063203924919952,
    "max_drawdown": 0.1444318748291695,
    "success": true,
    "description": "LightGBM机器学习策略"
  },
  "lstm": {
    "total_return": 0.10139774722156569,
    "annualized_return": 0.17874123177948986,
    "sharpe_ratio": 2.041981271791255,
    "max_drawdown": 0.02518424806729054,
    "success": true,
    "description": "LSTM神经网络策略"
  },
  "transformer": {
    "total_return": -0.009878993034362793,
    "annualized_return": -0.016762545187480438,
    "sharpe_ratio": -1.3093073414159544,
    "max_drawdown": 0.0,
    "success": true,
    "description": "Transformer模型策略"
  },
  "eata": {
    "total_return": 0.5870291608276368,
    "annualized_return": 0.1834531782558304,
    "sharpe_ratio": 0.9644056369240379,
    "max_drawdown": 0.13468089353556756,
    "success": true,
    "description": "EATA强化学习策略"
  },
  "finrl_ppo": {
    "total_return": 0.0252515866885068,
    "annualized_return": 0.04307916645275589,
    "sharpe_ratio": 0.5137266821441855,
    "max_drawdown": 0.05275256602113273,
    "success": true,
    "description": "FinRL PPO强化学习策略"
  },
  "finrl_a2c": {
    "total_return": 0.0,
    "annualized_return": 0.0,
    "sharpe_ratio": 0.0,
    "max_drawdown": 0.0,
    "success": true,
    "description": "FinRL A2C强化学习策略"
  },
  "finrl_sac": {
    "total_return": 0.0,
    "annualized_return": 0.0,
    "sharpe_ratio": 0.0,
    "max_drawdown": 0.0,
    "success": true,
    "description": "FinRL SAC强化学习策略"
  },
  "finrl_td3": {
    "total_return": 0.0,
    "annualized_return": 0.0,
    "sharpe_ratio": 0.0,
    "max_drawdown": 0.0,
    "success": true,
    "description": "FinRL TD3强化学习策略"
  },
  "finrl_ddpg": {
    "total_return": 0.0,
    "annualized_return": 0.0,
    "sharpe_ratio": 0.0,
    "max_drawdown": 0.0,
    "success": true,
    "description": "FinRL DDPG强化学习策略"
  }
}