{
  "buy_and_hold": {
    "metrics": {
      "total_return": 3.0202109450946937,
      "annualized_return": 0.09738240632344786,
      "sharpe_ratio": 0.6355927610890579,
      "max_drawdown": 0.2736626376408929,
      "num_trades": 0.0
    },
    "description": "买入持有策略",
    "success": true
  },
  "macd": {
    "metrics": {
      "total_return": 0.8719662056982351,
      "annualized_return": 0.042766041751762796,
      "sharpe_ratio": 0.45182980483537716,
      "max_drawdown": 0.21216418819430585,
      "num_trades": 308.0
    },
    "description": "MACD交叉策略",
    "success": true
  },
  "arima": {
    "metrics": {
      "total_return": -0.568383473221171,
      "annualized_return": -0.17059353947303546,
      "sharpe_ratio": -0.815822657437433,
      "max_drawdown": 0.6024021453893238,
      "num_trades": 28.0
    },
    "description": "ARIMA时间序列预测",
    "success": true
  },
  "gp": {
    "metrics": {
      "total_return": -0.20908972035581763,
      "annualized_return": -0.0508789459399559,
      "sharpe_ratio": -0.15361480255947962,
      "max_drawdown": 0.4135256086715757,
      "num_trades": 312.0
    },
    "description": "遗传编程策略",
    "success": true
  },
  "lightgbm": {
    "metrics": {
      "total_return": -0.20182699834770756,
      "annualized_return": -0.04915735059852744,
      "sharpe_ratio": -0.1448026886097094,
      "max_drawdown": 0.4732151268943195,
      "num_trades": 68.0
    },
    "description": "LightGBM机器学习策略",
    "success": true
  },
  "lstm": {
    "metrics": {
      "total_return": 0.0,
      "annualized_return": 0.0,
      "sharpe_ratio": 0.0,
      "max_drawdown": 0.0,
      "num_trades": 0.0
    },
    "description": "LSTM神经网络策略",
    "success": true
  },
  "transformer": {
    "metrics": {
      "total_return": 0.2456862335778105,
      "annualized_return": 0.050121099924180346,
      "sharpe_ratio": 0.3417718352677815,
      "max_drawdown": 0.2736627820488123,
      "num_trades": 1.0
    },
    "description": "Transformer模型策略",
    "success": true
  },
  "ppo": {
    "metrics": {
      "total_return": 0.280613807050905,
      "annualized_return": 0.05660553412494074,
      "sharpe_ratio": 0.4171936212756792,
      "max_drawdown": 0.18185592555509816,
      "num_trades": 979.0
    },
    "description": "PPO强化学习策略",
    "success": true
  },
  "eata": {
    "metrics": {
      "annualized_return": 0.2664695730429052,
      "sharpe_ratio": 1.1910015348372283,
      "max_drawdown": 0.1689682979308814,
      "total_return": 1.5702295904296952
    },
    "description": "EATA强化学习策略",
    "success": true
  }
}