{
  "buy_and_hold": {
    "total_return": 77.66131017769808,
    "annualized_return": 0.36806247468240616,
    "sharpe_ratio": 0.9140929335187107,
    "max_drawdown": 0.6636205855761292,
    "success": true,
    "description": "买入持有策略"
  },
  "macd": {
    "total_return": 4.127936657139383,
    "annualized_return": 0.12452791746784864,
    "sharpe_ratio": 0.5284950824509266,
    "max_drawdown": 0.5594245977297513,
    "success": true,
    "description": "MACD交叉策略"
  },
  "arima": {
    "total_return": -0.7398414488474894,
    "annualized_return": -0.3832836338522727,
    "sharpe_ratio": -0.5745873410773477,
    "max_drawdown": 0.8416516065788858,
    "success": true,
    "description": "ARIMA时间序列预测"
  },
  "gp": {
    "total_return": -0.8135204439916787,
    "annualized_return": -0.45276317806650757,
    "sharpe_ratio": -0.7864205938772297,
    "max_drawdown": 0.8621103824756745,
    "success": true,
    "description": "遗传编程策略"
  },
  "lightgbm": {
    "total_return": -0.7417175396781124,
    "annualized_return": -0.38702436581450095,
    "sharpe_ratio": -0.5912524209149321,
    "max_drawdown": 0.8691635653952644,
    "success": true,
    "description": "LightGBM机器学习策略"
  },
  "lstm": {
    "total_return": -0.20785181930797703,
    "annualized_return": -0.0802408801570117,
    "sharpe_ratio": -0.3786096373519978,
    "max_drawdown": 0.2685227147303053,
    "success": true,
    "description": "LSTM神经网络策略"
  },
  "transformer": {
    "total_return": 0.04910591622972804,
    "annualized_return": 0.017357539311811054,
    "sharpe_ratio": 0.20666167988666304,
    "max_drawdown": 0.31574605197822336,
    "success": true,
    "description": "Transformer模型策略"
  },
  "eata": {
    "total_return": 4.743434881359097,
    "annualized_return": 0.5487502838071325,
    "sharpe_ratio": 1.080250680771323,
    "max_drawdown": 0.48191160331038524,
    "success": true,
    "description": "EATA强化学习策略"
  },
  "finrl_ppo": {
    "total_return": 0.1994703350633693,
    "annualized_return": 0.06736971135793768,
    "sharpe_ratio": 0.3646621140007117,
    "max_drawdown": 0.656540932892228,
    "success": true,
    "description": "FinRL PPO强化学习策略"
  },
  "finrl_a2c": {
    "total_return": 1.003815914746124,
    "annualized_return": 0.2829362594120326,
    "sharpe_ratio": 0.7567564715138894,
    "max_drawdown": 0.6562132558249927,
    "success": true,
    "description": "FinRL A2C强化学习策略"
  },
  "finrl_sac": {
    "total_return": 0.0,
    "annualized_return": 0.0,
    "sharpe_ratio": 0.0,
    "max_drawdown": 0.0,
    "success": true,
    "description": "FinRL SAC强化学习策略"
  },
  "finrl_td3": {
    "total_return": 0.0,
    "annualized_return": 0.0,
    "sharpe_ratio": 0.0,
    "max_drawdown": 0.0,
    "success": true,
    "description": "FinRL TD3强化学习策略"
  },
  "finrl_ddpg": {
    "total_return": 0.0,
    "annualized_return": 0.0,
    "sharpe_ratio": 0.0,
    "max_drawdown": 0.0,
    "success": true,
    "description": "FinRL DDPG强化学习策略"
  }
}