{
  "buy_and_hold": {
    "total_return": 1.7570805848537558,
    "annualized_return": 0.07552872149873191,
    "sharpe_ratio": 0.49475868400760037,
    "max_drawdown": 0.3753533892217455,
    "success": true,
    "description": "买入持有策略"
  },
  "macd": {
    "total_return": 0.06740763553541562,
    "annualized_return": 0.004694374655339617,
    "sharpe_ratio": 0.09841725894724244,
    "max_drawdown": 0.22131453644907167,
    "success": true,
    "description": "MACD交叉策略"
  },
  "arima": {
    "total_return": 0.21587418118165913,
    "annualized_return": 0.072686571324589,
    "sharpe_ratio": 0.40671251116495344,
    "max_drawdown": 0.3000372441279005,
    "success": true,
    "description": "ARIMA时间序列预测"
  },
  "gp": {
    "total_return": 0.13152724602588362,
    "annualized_return": 0.045356357083728094,
    "sharpe_ratio": 0.3036012254394892,
    "max_drawdown": 0.3625254151299757,
    "success": true,
    "description": "遗传编程策略"
  },
  "lightgbm": {
    "total_return": -0.037839987664371355,
    "annualized_return": -0.013849791215795992,
    "sharpe_ratio": 0.06594610404469034,
    "max_drawdown": 0.36615393765457815,
    "success": true,
    "description": "LightGBM机器学习策略"
  },
  "lstm": {
    "total_return": -0.21800625207751034,
    "annualized_return": -0.08449079304025586,
    "sharpe_ratio": -0.6881542538059856,
    "max_drawdown": 0.23801848381304777,
    "success": true,
    "description": "LSTM神经网络策略"
  },
  "transformer": {
    "total_return": -0.127663242435342,
    "annualized_return": -0.047846125647148074,
    "sharpe_ratio": -0.49173909432787105,
    "max_drawdown": 0.21505738570364344,
    "success": true,
    "description": "Transformer模型策略"
  },
  "eata": {
    "total_return": 1.2428318046264661,
    "annualized_return": 0.22401366419092716,
    "sharpe_ratio": 0.9685487748089945,
    "max_drawdown": 0.17956473795526823,
    "success": true,
    "description": "EATA强化学习策略"
  },
  "finrl_ppo": {
    "total_return": 0.2962843028416713,
    "annualized_return": 0.0974859167282891,
    "sharpe_ratio": 0.6695998003400652,
    "max_drawdown": 0.17851858613636434,
    "success": true,
    "description": "FinRL PPO强化学习策略"
  },
  "finrl_a2c": {
    "total_return": 0.30433669530672836,
    "annualized_return": 0.09992488161906321,
    "sharpe_ratio": 0.6633449040829482,
    "max_drawdown": 0.17754195482612947,
    "success": true,
    "description": "FinRL A2C强化学习策略"
  },
  "finrl_sac": {
    "total_return": 0.0,
    "annualized_return": 0.0,
    "sharpe_ratio": 0.0,
    "max_drawdown": 0.0,
    "success": true,
    "description": "FinRL SAC强化学习策略"
  },
  "finrl_td3": {
    "total_return": 0.0,
    "annualized_return": 0.0,
    "sharpe_ratio": 0.0,
    "max_drawdown": 0.0,
    "success": true,
    "description": "FinRL TD3强化学习策略"
  },
  "finrl_ddpg": {
    "total_return": 0.0,
    "annualized_return": 0.0,
    "sharpe_ratio": 0.0,
    "max_drawdown": 0.0,
    "success": true,
    "description": "FinRL DDPG强化学习策略"
  }
}