{
  "buy_and_hold": {
    "total_return": 0.6600664151218005,
    "annualized_return": 0.18784450058213165,
    "sharpe_ratio": 0.6214514672969946,
    "max_drawdown": 0.4197959121392695,
    "success": true,
    "description": "买入持有策略"
  },
  "macd": {
    "total_return": 0.5323282574016954,
    "annualized_return": 0.15597827302144762,
    "sharpe_ratio": 0.6882225608474057,
    "max_drawdown": 0.22242274691157224,
    "success": true,
    "description": "MACD交叉策略"
  },
  "arima": {
    "total_return": 0.012229589553552911,
    "annualized_return": 0.0209127226914827,
    "sharpe_ratio": 0.22538813900769247,
    "max_drawdown": 0.20719815792623802,
    "success": true,
    "description": "ARIMA时间序列预测"
  },
  "gp": {
    "total_return": 0.0,
    "annualized_return": 0.0,
    "sharpe_ratio": 0.0,
    "max_drawdown": 0.0,
    "success": true,
    "description": "遗传编程策略"
  },
  "lightgbm": {
    "total_return": 0.12539639428860627,
    "annualized_return": 0.23143792233863603,
    "sharpe_ratio": 0.8030960161764964,
    "max_drawdown": 0.16130603328923665,
    "success": true,
    "description": "LightGBM机器学习策略"
  },
  "lstm": {
    "total_return": 0.07274919156495097,
    "annualized_return": 0.12701412881429586,
    "sharpe_ratio": 1.1415051187695877,
    "max_drawdown": 0.056364956442625694,
    "success": true,
    "description": "LSTM神经网络策略"
  },
  "transformer": {
    "total_return": 0.12405445234424617,
    "annualized_return": 0.22032570233564042,
    "sharpe_ratio": 1.1365677810144355,
    "max_drawdown": 0.1354571492999559,
    "success": true,
    "description": "Transformer模型策略"
  },
  "eata": {
    "total_return": 0.6121684794998179,
    "annualized_return": 0.19025570301027162,
    "sharpe_ratio": 0.6062564699911824,
    "max_drawdown": 0.302919865171487,
    "success": true,
    "description": "EATA强化学习策略"
  },
  "finrl_ppo": {
    "total_return": 0.043563602885986485,
    "annualized_return": 0.07478252217455794,
    "sharpe_ratio": 1.2596551078199536,
    "max_drawdown": 0.029159120343898767,
    "success": true,
    "description": "FinRL PPO强化学习策略"
  },
  "finrl_a2c": {
    "total_return": 0.11708869839998615,
    "annualized_return": 0.20595044461839884,
    "sharpe_ratio": 1.3057571453899695,
    "max_drawdown": 0.07508325637583645,
    "success": true,
    "description": "FinRL A2C强化学习策略"
  },
  "finrl_sac": {
    "total_return": 0.0,
    "annualized_return": 0.0,
    "sharpe_ratio": 0.0,
    "max_drawdown": 0.0,
    "success": true,
    "description": "FinRL SAC强化学习策略"
  },
  "finrl_td3": {
    "total_return": 0.0,
    "annualized_return": 0.0,
    "sharpe_ratio": 0.0,
    "max_drawdown": 0.0,
    "success": true,
    "description": "FinRL TD3强化学习策略"
  },
  "finrl_ddpg": {
    "total_return": 0.0,
    "annualized_return": 0.0,
    "sharpe_ratio": 0.0,
    "max_drawdown": 0.0,
    "success": true,
    "description": "FinRL DDPG强化学习策略"
  }
}