{
  "buy_and_hold": {
    "total_return": -0.054455570140465426,
    "annualized_return": -0.01883728471733559,
    "sharpe_ratio": 0.23603840451692287,
    "max_drawdown": 0.7594731823071551,
    "success": true,
    "description": "买入持有策略"
  },
  "macd": {
    "total_return": -0.14453989617038987,
    "annualized_return": -0.05163939850624277,
    "sharpe_ratio": -0.010125245757983941,
    "max_drawdown": 0.47470959468824275,
    "success": true,
    "description": "MACD交叉策略"
  },
  "arima": {
    "total_return": -0.11540901879651311,
    "annualized_return": -0.18844431730465283,
    "sharpe_ratio": -0.06524090311087972,
    "max_drawdown": 0.48306667468564723,
    "success": true,
    "description": "ARIMA时间序列预测"
  },
  "gp": {
    "total_return": 0.0,
    "annualized_return": 0.0,
    "sharpe_ratio": 0.0,
    "max_drawdown": 0.0,
    "success": true,
    "description": "遗传编程策略"
  },
  "lightgbm": {
    "total_return": 1.013476428691284,
    "annualized_return": 2.432622838948821,
    "sharpe_ratio": 2.470083109566681,
    "max_drawdown": 0.18309036872716758,
    "success": true,
    "description": "LightGBM机器学习策略"
  },
  "lstm": {
    "total_return": -0.11907695605636581,
    "annualized_return": -0.19416572777942132,
    "sharpe_ratio": -1.4690812309429782,
    "max_drawdown": 0.09108618981394886,
    "success": true,
    "description": "LSTM神经网络策略"
  },
  "transformer": {
    "total_return": 0.21762196674974454,
    "annualized_return": 0.3983063226999968,
    "sharpe_ratio": 1.2629282502469252,
    "max_drawdown": 0.18309039900057072,
    "success": true,
    "description": "Transformer模型策略"
  },
  "eata": {
    "total_return": 1.1087550869293192,
    "annualized_return": 0.3127097886970214,
    "sharpe_ratio": 0.7806867850294651,
    "max_drawdown": 0.3996882441268361,
    "success": true,
    "description": "EATA强化学习策略"
  },
  "finrl_ppo": {
    "total_return": 0.3694737528219447,
    "annualized_return": 0.701962174899698,
    "sharpe_ratio": 1.7432301727813604,
    "max_drawdown": 0.12743537775418853,
    "success": true,
    "description": "FinRL PPO强化学习策略"
  },
  "finrl_a2c": {
    "total_return": 0.0,
    "annualized_return": 0.0,
    "sharpe_ratio": 0.0,
    "max_drawdown": 0.0,
    "success": true,
    "description": "FinRL A2C强化学习策略"
  },
  "finrl_sac": {
    "total_return": 0.6507394478838502,
    "annualized_return": 1.3342872182297802,
    "sharpe_ratio": 1.967104753330179,
    "max_drawdown": 0.14719954527545437,
    "success": true,
    "description": "FinRL SAC强化学习策略"
  },
  "finrl_td3": {
    "total_return": 0.0,
    "annualized_return": 0.0,
    "sharpe_ratio": 0.0,
    "max_drawdown": 0.0,
    "success": true,
    "description": "FinRL TD3强化学习策略"
  },
  "finrl_ddpg": {
    "total_return": 0.0,
    "annualized_return": 0.0,
    "sharpe_ratio": 0.0,
    "max_drawdown": 0.0,
    "success": true,
    "description": "FinRL DDPG强化学习策略"
  }
}