{
  "buy_and_hold": {
    "metrics": {
      "total_return": 4.210272198921631,
      "annualized_return": 0.1165530433926989,
      "sharpe_ratio": 0.5127926749695101,
      "max_drawdown": 0.6162617066141745,
      "num_trades": 0.0
    },
    "description": "买入持有策略",
    "success": true
  },
  "macd": {
    "metrics": {
      "total_return": 0.7971749766480847,
      "annualized_return": 0.03993017511528785,
      "sharpe_ratio": 0.29005107626038046,
      "max_drawdown": 0.6066732589494371,
      "num_trades": 307.0
    },
    "description": "MACD交叉策略",
    "success": true
  },
  "arima": {
    "metrics": {
      "total_return": -0.8527572376634563,
      "annualized_return": -0.34718216402144775,
      "sharpe_ratio": -0.8739034585407556,
      "max_drawdown": 0.8817415610662572,
      "num_trades": 60.0
    },
    "description": "ARIMA时间序列预测",
    "success": true
  },
  "gp": {
    "metrics": {
      "total_return": 0.35452512906100186,
      "annualized_return": 0.06988662141489366,
      "sharpe_ratio": 0.3659156971612373,
      "max_drawdown": 0.5896193983892265,
      "num_trades": 1066.0
    },
    "description": "遗传编程策略",
    "success": true
  },
  "lightgbm": {
    "metrics": {
      "total_return": 0.5427428939022771,
      "annualized_return": 0.10180035161761469,
      "sharpe_ratio": 0.4393760697978798,
      "max_drawdown": 0.6048838849719582,
      "num_trades": 404.0
    },
    "description": "LightGBM机器学习策略",
    "success": true
  },
  "lstm": {
    "metrics": {
      "total_return": 0.1447277039114132,
      "annualized_return": 0.030547417847292868,
      "sharpe_ratio": 0.27507450722669374,
      "max_drawdown": 0.6162616186033193,
      "num_trades": 8.0
    },
    "description": "LSTM神经网络策略",
    "success": true
  },
  "transformer": {
    "metrics": {
      "total_return": 0.18256370809528333,
      "annualized_return": 0.03803458837453877,
      "sharpe_ratio": 0.2936534999243628,
      "max_drawdown": 0.6162616186033183,
      "num_trades": 0.0
    },
    "description": "Transformer模型策略",
    "success": true
  },
  "ppo": {
    "metrics": {
      "total_return": 0.3123351787593587,
      "annualized_return": 0.06237665273151749,
      "sharpe_ratio": 0.34877167571053785,
      "max_drawdown": 0.6207414690373904,
      "num_trades": 941.0
    },
    "description": "PPO强化学习策略",
    "success": true
  },
  "eata": {
    "metrics": {
      "annualized_return": 0.47401546415257734,
      "sharpe_ratio": 1.162232939217388,
      "max_drawdown": 0.2878045452064789,
      "total_return": 3.713456466985254
    },
    "description": "EATA强化学习策略",
    "success": true
  }
}