{
  "buy_and_hold": {
    "total_return": 3.9483931354311776,
    "annualized_return": 0.12165415096863685,
    "sharpe_ratio": 0.5043626518157462,
    "max_drawdown": 0.5229065240413309,
    "success": true,
    "description": "买入持有策略"
  },
  "macd": {
    "total_return": 1.2377442776766494,
    "annualized_return": 0.05953326611983134,
    "sharpe_ratio": 0.3653406819070455,
    "max_drawdown": 0.5924085041359066,
    "success": true,
    "description": "MACD交叉策略"
  },
  "arima": {
    "total_return": -0.48143577617116984,
    "annualized_return": -0.21001030058346104,
    "sharpe_ratio": -0.35604547864264185,
    "max_drawdown": 0.6174828202568297,
    "success": true,
    "description": "ARIMA时间序列预测"
  },
  "gp": {
    "total_return": -0.6272256836542507,
    "annualized_return": -0.298286072777424,
    "sharpe_ratio": -0.6370607300832695,
    "max_drawdown": 0.7673646676379571,
    "success": true,
    "description": "遗传编程策略"
  },
  "lightgbm": {
    "total_return": 0.11912883211915215,
    "annualized_return": 0.04153188562117216,
    "sharpe_ratio": 0.30167347871872646,
    "max_drawdown": 0.43624832565332644,
    "success": true,
    "description": "LightGBM机器学习策略"
  },
  "lstm": {
    "total_return": 0.3839880873878083,
    "annualized_return": 0.12373238122410735,
    "sharpe_ratio": 0.665572597534207,
    "max_drawdown": 0.13691556611304634,
    "success": true,
    "description": "LSTM神经网络策略"
  },
  "transformer": {
    "total_return": -0.05196001363518621,
    "annualized_return": -0.018972089233406653,
    "sharpe_ratio": -0.06810824629350853,
    "max_drawdown": 0.15114495842498327,
    "success": true,
    "description": "Transformer模型策略"
  },
  "eata": {
    "total_return": 4.197011048267364,
    "annualized_return": 0.5104839139441499,
    "sharpe_ratio": 1.3542174639451194,
    "max_drawdown": 0.22589913251669788,
    "success": true,
    "description": "EATA强化学习策略"
  },
  "finrl_ppo": {
    "total_return": 0.0,
    "annualized_return": 0.0,
    "sharpe_ratio": 0.0,
    "max_drawdown": 0.0,
    "success": true,
    "description": "FinRL PPO强化学习策略"
  },
  "finrl_a2c": {
    "total_return": 0.0,
    "annualized_return": 0.0,
    "sharpe_ratio": 0.0,
    "max_drawdown": 0.0,
    "success": true,
    "description": "FinRL A2C强化学习策略"
  },
  "finrl_sac": {
    "total_return": 0.9682434295303153,
    "annualized_return": 0.2747252437459613,
    "sharpe_ratio": 0.9746384360423203,
    "max_drawdown": 0.37202883603029757,
    "success": true,
    "description": "FinRL SAC强化学习策略"
  },
  "finrl_td3": {
    "total_return": 0.9682434295303153,
    "annualized_return": 0.2747252437459613,
    "sharpe_ratio": 0.9746384360423203,
    "max_drawdown": 0.37202883603029757,
    "success": true,
    "description": "FinRL TD3强化学习策略"
  },
  "finrl_ddpg": {
    "total_return": 0.0,
    "annualized_return": 0.0,
    "sharpe_ratio": 0.0,
    "max_drawdown": 0.0,
    "success": true,
    "description": "FinRL DDPG强化学习策略"
  }
}