{
  "buy_and_hold": {
    "total_return": 28.15336084029106,
    "annualized_return": 0.27396393107199124,
    "sharpe_ratio": 0.7020757524960338,
    "max_drawdown": 0.8405511782383538,
    "success": true,
    "description": "买入持有策略"
  },
  "macd": {
    "total_return": 12.019622872721937,
    "annualized_return": 0.20232658370857215,
    "sharpe_ratio": 0.6484673829039506,
    "max_drawdown": 0.602859176898228,
    "success": true,
    "description": "MACD交叉策略"
  },
  "arima": {
    "total_return": -0.35398241140079156,
    "annualized_return": -0.1451644311407383,
    "sharpe_ratio": 0.0016580982271328071,
    "max_drawdown": 0.7950606860268818,
    "success": true,
    "description": "ARIMA时间序列预测"
  },
  "gp": {
    "total_return": -0.1675101254934166,
    "annualized_return": -0.06369339255403073,
    "sharpe_ratio": 0.16501988998771325,
    "max_drawdown": 0.6920986283357033,
    "success": true,
    "description": "遗传编程策略"
  },
  "lightgbm": {
    "total_return": -0.37335417328861653,
    "annualized_return": -0.15547315144757023,
    "sharpe_ratio": -0.02307312017427172,
    "max_drawdown": 0.76142938896911,
    "success": true,
    "description": "LightGBM机器学习策略"
  },
  "lstm": {
    "total_return": -0.32372835056790217,
    "annualized_return": -0.13100383474268495,
    "sharpe_ratio": -0.368130435438525,
    "max_drawdown": 0.4564710928434449,
    "success": true,
    "description": "LSTM神经网络策略"
  },
  "transformer": {
    "total_return": -0.056744924812364594,
    "annualized_return": -0.020752400506874324,
    "sharpe_ratio": -0.25283483231681775,
    "max_drawdown": 0.10948753356933594,
    "success": true,
    "description": "Transformer模型策略"
  },
  "eata": {
    "total_return": 0.4193766373882284,
    "annualized_return": 0.09159659731651137,
    "sharpe_ratio": 0.40049556769569206,
    "max_drawdown": 0.7279384577796897,
    "success": true,
    "description": "EATA强化学习策略"
  },
  "finrl_ppo": {
    "total_return": -0.12470080207064427,
    "annualized_return": -0.046621806043015135,
    "sharpe_ratio": 0.1002863711750347,
    "max_drawdown": 0.6544970595823836,
    "success": true,
    "description": "FinRL PPO强化学习策略"
  },
  "finrl_a2c": {
    "total_return": 0.10932860233795894,
    "annualized_return": 0.03789268499276299,
    "sharpe_ratio": 0.31655938908513725,
    "max_drawdown": 0.6544868040786807,
    "success": true,
    "description": "FinRL A2C强化学习策略"
  },
  "finrl_sac": {
    "total_return": 0.0,
    "annualized_return": 0.0,
    "sharpe_ratio": 0.0,
    "max_drawdown": 0.0,
    "success": true,
    "description": "FinRL SAC强化学习策略"
  },
  "finrl_td3": {
    "total_return": 0.0,
    "annualized_return": 0.0,
    "sharpe_ratio": 0.0,
    "max_drawdown": 0.0,
    "success": true,
    "description": "FinRL TD3强化学习策略"
  },
  "finrl_ddpg": {
    "total_return": 0.0,
    "annualized_return": 0.0,
    "sharpe_ratio": 0.0,
    "max_drawdown": 0.0,
    "success": true,
    "description": "FinRL DDPG强化学习策略"
  }
}