{
  "buy_and_hold": {
    "total_return": -0.4407476312071813,
    "annualized_return": -0.17911578363357794,
    "sharpe_ratio": -0.015205899259247146,
    "max_drawdown": 0.7265505862765147,
    "success": true,
    "description": "买入持有策略"
  },
  "macd": {
    "total_return": 0.6372368915381668,
    "annualized_return": 0.18227122808660545,
    "sharpe_ratio": 0.6121175357269658,
    "max_drawdown": 0.392794914101259,
    "success": true,
    "description": "MACD交叉策略"
  },
  "arima": {
    "total_return": -0.36823910430567997,
    "annualized_return": -0.14441493500208946,
    "sharpe_ratio": 0.05235464124495761,
    "max_drawdown": 0.7011324191243363,
    "success": true,
    "description": "ARIMA时间序列预测"
  },
  "gp": {
    "total_return": -0.354094935506577,
    "annualized_return": -0.13795688215165802,
    "sharpe_ratio": 0.06510492401252368,
    "max_drawdown": 0.8696190351548727,
    "success": true,
    "description": "遗传编程策略"
  },
  "lightgbm": {
    "total_return": -0.5529117594414936,
    "annualized_return": -0.244654990640214,
    "sharpe_ratio": -0.15140814490879723,
    "max_drawdown": 0.7265505862765148,
    "success": true,
    "description": "LightGBM机器学习策略"
  },
  "lstm": {
    "total_return": -0.7096068102999042,
    "annualized_return": -0.3429203277608389,
    "sharpe_ratio": -0.38069875019996013,
    "max_drawdown": 0.8639308051652077,
    "success": true,
    "description": "LSTM神经网络策略"
  },
  "transformer": {
    "total_return": -0.5948408475535348,
    "annualized_return": -0.26423218203099186,
    "sharpe_ratio": -1.1135274502709926,
    "max_drawdown": 0.6292062508823406,
    "success": true,
    "description": "Transformer模型策略"
  },
  "eata": {
    "total_return": 0.9785062550354027,
    "annualized_return": 0.1862000179718024,
    "sharpe_ratio": 0.5618765708320341,
    "max_drawdown": 0.5935918058678534,
    "success": true,
    "description": "EATA强化学习策略"
  },
  "finrl_ppo": {
    "total_return": -0.41407875046791087,
    "annualized_return": -0.16582134622092515,
    "sharpe_ratio": 0.007011174352300672,
    "max_drawdown": 0.7120300585216547,
    "success": true,
    "description": "FinRL PPO强化学习策略"
  },
  "finrl_a2c": {
    "total_return": -0.45388959287072694,
    "annualized_return": -0.18549344909386778,
    "sharpe_ratio": -0.03903498798841908,
    "max_drawdown": 0.7232401423993312,
    "success": true,
    "description": "FinRL A2C强化学习策略"
  },
  "finrl_sac": {
    "total_return": 0.0,
    "annualized_return": 0.0,
    "sharpe_ratio": 0.0,
    "max_drawdown": 0.0,
    "success": true,
    "description": "FinRL SAC强化学习策略"
  },
  "finrl_td3": {
    "total_return": 0.0,
    "annualized_return": 0.0,
    "sharpe_ratio": 0.0,
    "max_drawdown": 0.0,
    "success": true,
    "description": "FinRL TD3强化学习策略"
  },
  "finrl_ddpg": {
    "total_return": -0.43387135708261115,
    "annualized_return": -0.17548734685853618,
    "sharpe_ratio": -0.00999852556972229,
    "max_drawdown": 0.7263780463284967,
    "success": true,
    "description": "FinRL DDPG强化学习策略"
  }
}