{
  "buy_and_hold": {
    "total_return": 3.119558091980342,
    "annualized_return": 0.10698853324622437,
    "sharpe_ratio": 0.4606087600747378,
    "max_drawdown": 0.7843720140050349,
    "success": true,
    "description": "买入持有策略"
  },
  "macd": {
    "total_return": 3.646353642255603,
    "annualized_return": 0.11659387003756083,
    "sharpe_ratio": 0.5690731116200161,
    "max_drawdown": 0.4355620062584915,
    "success": true,
    "description": "MACD交叉策略"
  },
  "arima": {
    "total_return": -0.21049575456224523,
    "annualized_return": -0.08134406202082822,
    "sharpe_ratio": 0.17640345236896884,
    "max_drawdown": 0.6378225631858616,
    "success": true,
    "description": "ARIMA时间序列预测"
  },
  "gp": {
    "total_return": -0.35558471067906383,
    "annualized_return": -0.1459261432954715,
    "sharpe_ratio": 0.059803928923461085,
    "max_drawdown": 0.6644179013322444,
    "success": true,
    "description": "遗传编程策略"
  },
  "lightgbm": {
    "total_return": -0.26586686700920625,
    "annualized_return": -0.10572527700143197,
    "sharpe_ratio": 0.12870336296280907,
    "max_drawdown": 0.652858891485807,
    "success": true,
    "description": "LightGBM机器学习策略"
  },
  "lstm": {
    "total_return": -0.38810567579924915,
    "annualized_return": -0.16165591142625124,
    "sharpe_ratio": -0.5186123500016074,
    "max_drawdown": 0.5716939660165177,
    "success": true,
    "description": "LSTM神经网络策略"
  },
  "transformer": {
    "total_return": -0.17572236279241638,
    "annualized_return": -0.06701954727564452,
    "sharpe_ratio": 0.0400078325462404,
    "max_drawdown": 0.6644179220977714,
    "success": true,
    "description": "Transformer模型策略"
  },
  "eata": {
    "total_return": 2.0705916720428448,
    "annualized_return": 0.3241173486018871,
    "sharpe_ratio": 0.8338743830480997,
    "max_drawdown": 0.4416171606546471,
    "success": true,
    "description": "EATA强化学习策略"
  },
  "finrl_ppo": {
    "total_return": 0.05647135363796996,
    "annualized_return": 0.01988717178677879,
    "sharpe_ratio": 0.24151255514834336,
    "max_drawdown": 0.5695656255204335,
    "success": true,
    "description": "FinRL PPO强化学习策略"
  },
  "finrl_a2c": {
    "total_return": 0.207726699435822,
    "annualized_return": 0.06999757647274385,
    "sharpe_ratio": 0.3784159681066497,
    "max_drawdown": 0.5703267092338433,
    "success": true,
    "description": "FinRL A2C强化学习策略"
  },
  "finrl_sac": {
    "total_return": 0.0,
    "annualized_return": 0.0,
    "sharpe_ratio": 0.0,
    "max_drawdown": 0.0,
    "success": true,
    "description": "FinRL SAC强化学习策略"
  },
  "finrl_td3": {
    "total_return": 0.0,
    "annualized_return": 0.0,
    "sharpe_ratio": 0.0,
    "max_drawdown": 0.0,
    "success": true,
    "description": "FinRL TD3强化学习策略"
  },
  "finrl_ddpg": {
    "total_return": 0.23132366148338313,
    "annualized_return": 0.07744513522807339,
    "sharpe_ratio": 0.39401674382532603,
    "max_drawdown": 0.5695702662595857,
    "success": true,
    "description": "FinRL DDPG强化学习策略"
  }
}