{
  "buy_and_hold": {
    "total_return": 8.05106660654673,
    "annualized_return": 0.17134852950531898,
    "sharpe_ratio": 0.852079248049447,
    "max_drawdown": 0.3151385559807475,
    "success": true,
    "description": "买入持有策略"
  },
  "macd": {
    "total_return": 3.721645927216662,
    "annualized_return": 0.11788325397485333,
    "sharpe_ratio": 0.8780674114615152,
    "max_drawdown": 0.1990296824988141,
    "success": true,
    "description": "MACD交叉策略"
  },
  "arima": {
    "total_return": -0.3319205068517582,
    "annualized_return": -0.13479744299895713,
    "sharpe_ratio": -0.40855293886708177,
    "max_drawdown": 0.5707913243730518,
    "success": true,
    "description": "ARIMA时间序列预测"
  },
  "gp": {
    "total_return": 0.5619925172015532,
    "annualized_return": 0.17361533773808868,
    "sharpe_ratio": 0.7336675801661177,
    "max_drawdown": 0.3151385559807473,
    "success": true,
    "description": "遗传编程策略"
  },
  "lightgbm": {
    "total_return": -0.01520534726274858,
    "annualized_return": -0.005524393928009519,
    "sharpe_ratio": 0.11001040872506557,
    "max_drawdown": 0.5221639199950103,
    "success": true,
    "description": "LightGBM机器学习策略"
  },
  "lstm": {
    "total_return": -0.04364077036495928,
    "annualized_return": -0.01589043006358304,
    "sharpe_ratio": -0.7970566001006101,
    "max_drawdown": 0.04364077036495928,
    "success": true,
    "description": "LSTM神经网络策略"
  },
  "transformer": {
    "total_return": 0.11769842480863546,
    "annualized_return": 0.04075212491167224,
    "sharpe_ratio": 0.3531974633747394,
    "max_drawdown": 0.17027037560671016,
    "success": true,
    "description": "Transformer模型策略"
  },
  "eata": {
    "total_return": 3.9397513431701645,
    "annualized_return": 0.4914149519363844,
    "sharpe_ratio": 1.753569214691276,
    "max_drawdown": 0.12912064040534826,
    "success": true,
    "description": "EATA强化学习策略"
  },
  "finrl_ppo": {
    "total_return": 0.5719603336388555,
    "annualized_return": 0.17602670018360955,
    "sharpe_ratio": 0.8201945376287014,
    "max_drawdown": 0.3116988606233523,
    "success": true,
    "description": "FinRL PPO强化学习策略"
  },
  "finrl_a2c": {
    "total_return": 0.6115579859026794,
    "annualized_return": 0.1865612213333976,
    "sharpe_ratio": 0.8263431878847636,
    "max_drawdown": 0.315106541953623,
    "success": true,
    "description": "FinRL A2C强化学习策略"
  },
  "finrl_sac": {
    "total_return": 0.0,
    "annualized_return": 0.0,
    "sharpe_ratio": 0.0,
    "max_drawdown": 0.0,
    "success": true,
    "description": "FinRL SAC强化学习策略"
  },
  "finrl_td3": {
    "total_return": 0.0,
    "annualized_return": 0.0,
    "sharpe_ratio": 0.0,
    "max_drawdown": 0.0,
    "success": true,
    "description": "FinRL TD3强化学习策略"
  },
  "finrl_ddpg": {
    "total_return": 0.6108858608518066,
    "annualized_return": 0.18638380335669602,
    "sharpe_ratio": 0.8255103826319952,
    "max_drawdown": 0.3151359309052053,
    "success": true,
    "description": "FinRL DDPG强化学习策略"
  }
}