{
  "buy_and_hold": {
    "metrics": {
      "total_return": 3.096873751176253,
      "annualized_return": 0.09876780020805609,
      "sharpe_ratio": 0.6214595191418589,
      "max_drawdown": 0.36987519528684204,
      "num_trades": 0.0
    },
    "description": "买入持有策略",
    "success": true
  },
  "macd": {
    "metrics": {
      "total_return": 0.7610476604944081,
      "annualized_return": 0.038520656131187714,
      "sharpe_ratio": 0.392723609971865,
      "max_drawdown": 0.2006407358712354,
      "num_trades": 322.0
    },
    "description": "MACD交叉策略",
    "success": true
  },
  "arima": {
    "metrics": {
      "total_return": -0.5665022219532834,
      "annualized_return": -0.1697901321684473,
      "sharpe_ratio": -0.7479659400308731,
      "max_drawdown": 0.5927211585324537,
      "num_trades": 60.0
    },
    "description": "ARIMA时间序列预测",
    "success": true
  },
  "gp": {
    "metrics": {
      "total_return": -0.07026539113426855,
      "annualized_return": -0.016088031854903262,
      "sharpe_ratio": 0.033775562021684136,
      "max_drawdown": 0.4424213482423797,
      "num_trades": 334.0
    },
    "description": "遗传编程策略",
    "success": true
  },
  "lightgbm": {
    "metrics": {
      "total_return": 0.014647886627502604,
      "annualized_return": 0.0032568394236722753,
      "sharpe_ratio": 0.12345163905344374,
      "max_drawdown": 0.36255522975005167,
      "num_trades": 88.0
    },
    "description": "LightGBM机器学习策略",
    "success": true
  },
  "lstm": {
    "metrics": {
      "total_return": 0.00037421354516697924,
      "annualized_return": 8.329337442036788e-05,
      "sharpe_ratio": 0.020876580498980127,
      "max_drawdown": 0.007884621620178223,
      "num_trades": 5.0
    },
    "description": "LSTM神经网络策略",
    "success": true
  },
  "transformer": {
    "metrics": {
      "total_return": 0.30359218328915727,
      "annualized_return": 0.06079694868917507,
      "sharpe_ratio": 0.38099395720635304,
      "max_drawdown": 0.3698752506766354,
      "num_trades": 0.0
    },
    "description": "Transformer模型策略",
    "success": true
  },
  "ppo": {
    "metrics": {
      "total_return": 0.9889963108093978,
      "annualized_return": 0.16541433413313,
      "sharpe_ratio": 0.9798771393628335,
      "max_drawdown": 0.1901908065051885,
      "num_trades": 733.0
    },
    "description": "PPO强化学习策略",
    "success": true
  },
  "eata": {
    "metrics": {
      "annualized_return": 0.21809961689735635,
      "sharpe_ratio": 0.9498631779108312,
      "max_drawdown": 0.27602410880803674,
      "total_return": 1.1998406112000937
    },
    "description": "EATA强化学习策略",
    "success": true
  }
}