{
  "buy_and_hold": {
    "total_return": 0.1506637496731822,
    "annualized_return": 0.048816394203732294,
    "sharpe_ratio": 0.317160714406788,
    "max_drawdown": 0.3753533892217454,
    "success": true,
    "description": "买入持有策略"
  },
  "macd": {
    "total_return": 0.1898779170490148,
    "annualized_return": 0.06082153159231907,
    "sharpe_ratio": 0.46663160334729653,
    "max_drawdown": 0.17004841015555552,
    "success": true,
    "description": "MACD交叉策略"
  },
  "arima": {
    "total_return": 0.26807659348313684,
    "annualized_return": 0.4983942516919875,
    "sharpe_ratio": 2.05003317845427,
    "max_drawdown": 0.138171464686579,
    "success": true,
    "description": "ARIMA时间序列预测"
  },
  "gp": {
    "total_return": 0.0,
    "annualized_return": 0.0,
    "sharpe_ratio": 0.0,
    "max_drawdown": 0.0,
    "success": true,
    "description": "遗传编程策略"
  },
  "lightgbm": {
    "total_return": 0.1514594420683566,
    "annualized_return": 0.2821377159695413,
    "sharpe_ratio": 1.4058648198657213,
    "max_drawdown": 0.13817146468657907,
    "success": true,
    "description": "LightGBM机器学习策略"
  },
  "lstm": {
    "total_return": 0.0,
    "annualized_return": 0.0,
    "sharpe_ratio": 0.0,
    "max_drawdown": 0.0,
    "success": true,
    "description": "LSTM神经网络策略"
  },
  "transformer": {
    "total_return": -0.002708488444728152,
    "annualized_return": -0.004607360730902843,
    "sharpe_ratio": -0.004083272985560807,
    "max_drawdown": 0.049800130534426196,
    "success": true,
    "description": "Transformer模型策略"
  },
  "eata": {
    "total_return": -0.013967014938355393,
    "annualized_return": -0.005116387205876705,
    "sharpe_ratio": -0.0008810223427379005,
    "max_drawdown": 0.2799483888140842,
    "success": true,
    "description": "EATA强化学习策略"
  },
  "finrl_ppo": {
    "total_return": 0.0,
    "annualized_return": 0.0,
    "sharpe_ratio": 0.0,
    "max_drawdown": 0.0,
    "success": true,
    "description": "FinRL PPO强化学习策略"
  },
  "finrl_a2c": {
    "total_return": 0.02742488912658758,
    "annualized_return": 0.046821472239437334,
    "sharpe_ratio": 0.5225119704405327,
    "max_drawdown": 0.09376807502989372,
    "success": true,
    "description": "FinRL A2C强化学习策略"
  },
  "finrl_sac": {
    "total_return": 0.02742488912658758,
    "annualized_return": 0.046821472239437334,
    "sharpe_ratio": 0.5225119704405327,
    "max_drawdown": 0.09376807502989372,
    "success": true,
    "description": "FinRL SAC强化学习策略"
  },
  "finrl_td3": {
    "total_return": 0.0,
    "annualized_return": 0.0,
    "sharpe_ratio": 0.0,
    "max_drawdown": 0.0,
    "success": true,
    "description": "FinRL TD3强化学习策略"
  },
  "finrl_ddpg": {
    "total_return": 0.02742488912658758,
    "annualized_return": 0.046821472239437334,
    "sharpe_ratio": 0.5225119704405327,
    "max_drawdown": 0.09376807502989372,
    "success": true,
    "description": "FinRL DDPG强化学习策略"
  }
}