{
  "buy_and_hold": {
    "metrics": {
      "total_return": 2.2644203091408364,
      "annualized_return": 0.0822243183386635,
      "sharpe_ratio": 0.4639176353936547,
      "max_drawdown": 0.4372003498702037,
      "num_trades": 0.0
    },
    "description": "买入持有策略",
    "success": true
  },
  "macd": {
    "metrics": {
      "total_return": 1.0071045172807165,
      "annualized_return": 0.04763200160918579,
      "sharpe_ratio": 0.3880969543183141,
      "max_drawdown": 0.32345653438448085,
      "num_trades": 294.0
    },
    "description": "MACD交叉策略",
    "success": true
  },
  "arima": {
    "metrics": {
      "total_return": -0.646634329936839,
      "annualized_return": -0.20671720251940118,
      "sharpe_ratio": -0.7316606211531974,
      "max_drawdown": 0.6480728259709103,
      "num_trades": 52.0
    },
    "description": "ARIMA时间序列预测",
    "success": true
  },
  "gp": {
    "metrics": {
      "total_return": 0.2661793446834686,
      "annualized_return": 0.05394259809410862,
      "sharpe_ratio": 0.33038700834378726,
      "max_drawdown": 0.44777284549760177,
      "num_trades": 300.0
    },
    "description": "遗传编程策略",
    "success": true
  },
  "lightgbm": {
    "metrics": {
      "total_return": 0.9374131565826451,
      "annualized_return": 0.1593741355886633,
      "sharpe_ratio": 0.685727422079672,
      "max_drawdown": 0.2766769328020305,
      "num_trades": 752.0
    },
    "description": "LightGBM机器学习策略",
    "success": true
  },
  "lstm": {
    "metrics": {
      "total_return": 0.0,
      "annualized_return": 0.0,
      "sharpe_ratio": 0.0,
      "max_drawdown": 0.0,
      "num_trades": 0.0
    },
    "description": "LSTM神经网络策略",
    "success": true
  },
  "transformer": {
    "metrics": {
      "total_return": -0.523615544277705,
      "annualized_return": -0.1521703932093278,
      "sharpe_ratio": -0.4839221882073128,
      "max_drawdown": 0.6383735943536528,
      "num_trades": 0.0
    },
    "description": "Transformer模型策略",
    "success": true
  },
  "ppo": {
    "metrics": {
      "total_return": 0.4916910169129063,
      "annualized_return": 0.09310906284166776,
      "sharpe_ratio": 0.5336402341025496,
      "max_drawdown": 0.31892980554186495,
      "num_trades": 895.0
    },
    "description": "PPO强化学习策略",
    "success": true
  },
  "eata": {
    "metrics": {
      "annualized_return": 0.37838796196837987,
      "sharpe_ratio": 1.2942689952064714,
      "max_drawdown": 0.23957761407328096,
      "total_return": 2.605228743660093
    },
    "description": "EATA强化学习策略",
    "success": true
  }
}