{
  "buy_and_hold": {
    "total_return": -0.4407476312071813,
    "annualized_return": -0.17911578363357794,
    "sharpe_ratio": -0.015205899259247146,
    "max_drawdown": 0.7265505862765147,
    "success": true,
    "description": "买入持有策略"
  },
  "macd": {
    "total_return": 0.6372368915381668,
    "annualized_return": 0.18227122808660545,
    "sharpe_ratio": 0.6121175357269658,
    "max_drawdown": 0.392794914101259,
    "success": true,
    "description": "MACD交叉策略"
  },
  "arima": {
    "total_return": 0.2500884815540714,
    "annualized_return": 0.46238351614692474,
    "sharpe_ratio": 1.0259634152854915,
    "max_drawdown": 0.3116389990081128,
    "success": true,
    "description": "ARIMA时间序列预测"
  },
  "gp": {
    "total_return": 0.0,
    "annualized_return": 0.0,
    "sharpe_ratio": 0.0,
    "max_drawdown": 0.0,
    "success": true,
    "description": "遗传编程策略"
  },
  "lightgbm": {
    "total_return": 0.2716155878842803,
    "annualized_return": 0.5272136858193304,
    "sharpe_ratio": 1.1323996160933032,
    "max_drawdown": 0.28432069845251146,
    "success": true,
    "description": "LightGBM机器学习策略"
  },
  "lstm": {
    "total_return": -0.09724405574055495,
    "annualized_return": -0.1598641322336094,
    "sharpe_ratio": -1.5459762284594731,
    "max_drawdown": 0.09724405574055495,
    "success": true,
    "description": "LSTM神经网络策略"
  },
  "transformer": {
    "total_return": 0.00028536622583552607,
    "annualized_return": 0.000485942560180197,
    "sharpe_ratio": 0.14440003708831614,
    "max_drawdown": 0.17735898311547676,
    "success": true,
    "description": "Transformer模型策略"
  },
  "eata": {
    "total_return": 0.5504829348831153,
    "annualized_return": 0.17344081266769984,
    "sharpe_ratio": 0.6204944715017454,
    "max_drawdown": 0.8169214236395886,
    "success": true,
    "description": "EATA强化学习策略"
  },
  "finrl_ppo": {
    "total_return": 0.0,
    "annualized_return": 0.0,
    "sharpe_ratio": 0.0,
    "max_drawdown": 0.0,
    "success": true,
    "description": "FinRL PPO强化学习策略"
  },
  "finrl_a2c": {
    "total_return": 0.0,
    "annualized_return": 0.0,
    "sharpe_ratio": 0.0,
    "max_drawdown": 0.0,
    "success": true,
    "description": "FinRL A2C强化学习策略"
  },
  "finrl_sac": {
    "total_return": 0.29284025869483865,
    "annualized_return": 0.5440205079665594,
    "sharpe_ratio": 1.3932236975525296,
    "max_drawdown": 0.2957083143691279,
    "success": true,
    "description": "FinRL SAC强化学习策略"
  },
  "finrl_td3": {
    "total_return": 0.0,
    "annualized_return": 0.0,
    "sharpe_ratio": 0.0,
    "max_drawdown": 0.0,
    "success": true,
    "description": "FinRL TD3强化学习策略"
  },
  "finrl_ddpg": {
    "total_return": 0.0,
    "annualized_return": 0.0,
    "sharpe_ratio": 0.0,
    "max_drawdown": 0.0,
    "success": true,
    "description": "FinRL DDPG强化学习策略"
  }
}