{
  "buy_and_hold": {
    "total_return": 0.5212103555815872,
    "annualized_return": 0.15312291404117206,
    "sharpe_ratio": 0.5788485853484114,
    "max_drawdown": 0.3812314944526016,
    "success": true,
    "description": "买入持有策略"
  },
  "macd": {
    "total_return": 0.24242747970452383,
    "annualized_return": 0.07650631665087859,
    "sharpe_ratio": 0.4341066429209794,
    "max_drawdown": 0.26979393390613954,
    "success": true,
    "description": "MACD交叉策略"
  },
  "arima": {
    "total_return": -0.357957294660985,
    "annualized_return": -0.1397110416575985,
    "sharpe_ratio": -0.24201714757231643,
    "max_drawdown": 0.4827831747427318,
    "success": true,
    "description": "ARIMA时间序列预测"
  },
  "gp": {
    "total_return": 0.5335389781489654,
    "annualized_return": 0.1562883897641283,
    "sharpe_ratio": 0.5851284695951605,
    "max_drawdown": 0.33626901351305466,
    "success": true,
    "description": "遗传编程策略"
  },
  "lightgbm": {
    "total_return": 0.028832616126656996,
    "annualized_return": 0.009956631861475662,
    "sharpe_ratio": 0.20257939644688436,
    "max_drawdown": 0.3468003678053813,
    "success": true,
    "description": "LightGBM机器学习策略"
  },
  "lstm": {
    "total_return": -0.4362500722655196,
    "annualized_return": -0.1768796491003113,
    "sharpe_ratio": -0.40471259368483276,
    "max_drawdown": 0.6073143369215234,
    "success": true,
    "description": "LSTM神经网络策略"
  },
  "transformer": {
    "total_return": -0.020731402478415983,
    "annualized_return": -0.007089610996720008,
    "sharpe_ratio": -0.5680561711994907,
    "max_drawdown": 0.013212859630584717,
    "success": true,
    "description": "Transformer模型策略"
  },
  "eata": {
    "total_return": 5.163410485092159,
    "annualized_return": 0.5763452988902182,
    "sharpe_ratio": 1.5835007855591372,
    "max_drawdown": 0.1378706179921329,
    "success": true,
    "description": "EATA强化学习策略"
  },
  "finrl_ppo": {
    "total_return": 0.8479424983031845,
    "annualized_return": 0.2315485426508359,
    "sharpe_ratio": 0.8528430845447799,
    "max_drawdown": 0.33640889814265085,
    "success": true,
    "description": "FinRL PPO强化学习策略"
  },
  "finrl_a2c": {
    "total_return": 0.0,
    "annualized_return": 0.0,
    "sharpe_ratio": 0.0,
    "max_drawdown": 0.0,
    "success": true,
    "description": "FinRL A2C强化学习策略"
  },
  "finrl_sac": {
    "total_return": 0.0,
    "annualized_return": 0.0,
    "sharpe_ratio": 0.0,
    "max_drawdown": 0.0,
    "success": true,
    "description": "FinRL SAC强化学习策略"
  },
  "finrl_td3": {
    "total_return": 0.0,
    "annualized_return": 0.0,
    "sharpe_ratio": 0.0,
    "max_drawdown": 0.0,
    "success": true,
    "description": "FinRL TD3强化学习策略"
  },
  "finrl_ddpg": {
    "total_return": 0.0,
    "annualized_return": 0.0,
    "sharpe_ratio": 0.0,
    "max_drawdown": 0.0,
    "success": true,
    "description": "FinRL DDPG强化学习策略"
  }
}