{
  "buy_and_hold": {
    "metrics": {
      "total_return": 1.4532764716209376,
      "annualized_return": 0.06177209126676608,
      "sharpe_ratio": 0.4130514687962837,
      "max_drawdown": 0.4120711395748804,
      "num_trades": 0.0
    },
    "description": "买入持有策略",
    "success": true
  },
  "macd": {
    "metrics": {
      "total_return": 1.1328135010834242,
      "annualized_return": 0.05189133812442348,
      "sharpe_ratio": 0.46606963558150355,
      "max_drawdown": 0.3893301633181061,
      "num_trades": 310.0
    },
    "description": "MACD交叉策略",
    "success": true
  },
  "arima": {
    "metrics": {
      "total_return": -0.5340633333709406,
      "annualized_return": -0.15634546962639229,
      "sharpe_ratio": -0.7208029293110136,
      "max_drawdown": 0.6281814245168309,
      "num_trades": 60.0
    },
    "description": "ARIMA时间序列预测",
    "success": true
  },
  "gp": {
    "metrics": {
      "total_return": -0.18200008479078733,
      "annualized_return": -0.04373649732734752,
      "sharpe_ratio": -0.11351060519273774,
      "max_drawdown": 0.41207113957488084,
      "num_trades": 0.0
    },
    "description": "遗传编程策略",
    "success": true
  },
  "lightgbm": {
    "metrics": {
      "total_return": 0.5228756962535763,
      "annualized_return": 0.09861171587310236,
      "sharpe_ratio": 0.5587588271221798,
      "max_drawdown": 0.2202953370811475,
      "num_trades": 328.0
    },
    "description": "LightGBM机器学习策略",
    "success": true
  },
  "lstm": {
    "metrics": {
      "total_return": -0.01153047712176658,
      "annualized_return": -0.002578438715043263,
      "sharpe_ratio": -0.6573153773565911,
      "max_drawdown": 0.01153047712176658,
      "num_trades": 2.0
    },
    "description": "LSTM神经网络策略",
    "success": true
  },
  "transformer": {
    "metrics": {
      "total_return": -0.18199921608112068,
      "annualized_return": -0.04373627125215429,
      "sharpe_ratio": -0.11350943387117654,
      "max_drawdown": 0.41207105884697326,
      "num_trades": 0.0
    },
    "description": "Transformer模型策略",
    "success": true
  },
  "ppo": {
    "metrics": {
      "total_return": 0.305140846514278,
      "annualized_return": 0.06107736364079086,
      "sharpe_ratio": 0.4638761923848165,
      "max_drawdown": 0.17944188999912097,
      "num_trades": 842.0
    },
    "description": "PPO强化学习策略",
    "success": true
  },
  "eata": {
    "metrics": {
      "annualized_return": 0.04852956896070326,
      "sharpe_ratio": 0.23774432776260437,
      "max_drawdown": 0.28476649443408064,
      "total_return": 0.20848443076967005
    },
    "description": "EATA强化学习策略",
    "success": true
  }
}