{
  "buy_and_hold": {
    "metrics": {
      "total_return": 11.329995339757996,
      "annualized_return": 0.18267603734435234,
      "sharpe_ratio": 0.6585908044396698,
      "max_drawdown": 0.5088559056056297,
      "num_trades": 0.0
    },
    "description": "买入持有策略",
    "success": true
  },
  "macd": {
    "metrics": {
      "total_return": 1.857441365523489,
      "annualized_return": 0.07264221831239559,
      "sharpe_ratio": 0.4150576221534811,
      "max_drawdown": 0.43585226473987604,
      "num_trades": 321.0
    },
    "description": "MACD交叉策略",
    "success": true
  },
  "arima": {
    "metrics": {
      "total_return": -0.7078503934419587,
      "annualized_return": -0.23961102712709126,
      "sharpe_ratio": -0.49937745455682514,
      "max_drawdown": 0.7082028158122611,
      "num_trades": 40.0
    },
    "description": "ARIMA时间序列预测",
    "success": true
  },
  "gp": {
    "metrics": {
      "total_return": 0.5961660788388137,
      "annualized_return": 0.1097066634309205,
      "sharpe_ratio": 0.4580892265996352,
      "max_drawdown": 0.49638499322896457,
      "num_trades": 0.0
    },
    "description": "遗传编程策略",
    "success": true
  },
  "lightgbm": {
    "metrics": {
      "total_return": -0.5340092224389328,
      "annualized_return": -0.15695968168201868,
      "sharpe_ratio": -0.23354314738004134,
      "max_drawdown": 0.7155816285399027,
      "num_trades": 160.0
    },
    "description": "LightGBM机器学习策略",
    "success": true
  },
  "lstm": {
    "metrics": {
      "total_return": 0.07492786589706779,
      "annualized_return": 0.01621476967126978,
      "sharpe_ratio": 0.17978718348895584,
      "max_drawdown": 0.2285778823786221,
      "num_trades": 237.0
    },
    "description": "LSTM神经网络策略",
    "success": true
  },
  "transformer": {
    "metrics": {
      "total_return": 0.5961638858484211,
      "annualized_return": 0.10970632402361047,
      "sharpe_ratio": 0.4580884500707874,
      "max_drawdown": 0.4963850163564052,
      "num_trades": 0.0
    },
    "description": "Transformer模型策略",
    "success": true
  },
  "ppo": {
    "metrics": {
      "total_return": -0.8545780738803807,
      "annualized_return": -0.34898801084071207,
      "sharpe_ratio": -1.0297842758172913,
      "max_drawdown": 0.8954982905701038,
      "num_trades": 1069.0
    },
    "description": "PPO强化学习策略",
    "success": true
  },
  "eata": {
    "metrics": {
      "annualized_return": 0.4882661095851053,
      "sharpe_ratio": 1.2678102559053446,
      "max_drawdown": 0.3420038679188087,
      "total_return": 3.8982069305118214
    },
    "description": "EATA强化学习策略",
    "success": true
  }
}