{
  "buy_and_hold": {
    "total_return": 0.8943233241572259,
    "annualized_return": 0.24230918614813257,
    "sharpe_ratio": 0.772190398634906,
    "max_drawdown": 0.3142726566427492,
    "success": true,
    "description": "买入持有策略"
  },
  "macd": {
    "total_return": 1.2728310899364121,
    "annualized_return": 0.3215946784559476,
    "sharpe_ratio": 1.3924130244734054,
    "max_drawdown": 0.1717563430763595,
    "success": true,
    "description": "MACD交叉策略"
  },
  "arima": {
    "total_return": -0.5046939854552412,
    "annualized_return": -0.21227946605201808,
    "sharpe_ratio": -0.4599120766003452,
    "max_drawdown": 0.6607039671504511,
    "success": true,
    "description": "ARIMA时间序列预测"
  },
  "gp": {
    "total_return": 0.10876624164883619,
    "annualized_return": 0.03568736348509538,
    "sharpe_ratio": 0.2815477364114698,
    "max_drawdown": 0.39879517868839065,
    "success": true,
    "description": "遗传编程策略"
  },
  "lightgbm": {
    "total_return": -0.3266764122115545,
    "annualized_return": -0.1287800583453459,
    "sharpe_ratio": -0.19801440690246475,
    "max_drawdown": 0.6735496842473875,
    "success": true,
    "description": "LightGBM机器学习策略"
  },
  "lstm": {
    "total_return": -0.2649243825131429,
    "annualized_return": -0.09925195816925747,
    "sharpe_ratio": -0.11966754815917109,
    "max_drawdown": 0.6937078317396123,
    "success": true,
    "description": "LSTM神经网络策略"
  },
  "transformer": {
    "total_return": 0.34755737786030316,
    "annualized_return": 0.10661661042167836,
    "sharpe_ratio": 0.9011553063258246,
    "max_drawdown": 0.15847269434293731,
    "success": true,
    "description": "Transformer模型策略"
  },
  "eata": {
    "total_return": 7.216080433097835,
    "annualized_return": 0.6939213708178762,
    "sharpe_ratio": 1.7695143245503586,
    "max_drawdown": 0.2704561395660943,
    "success": true,
    "description": "EATA强化学习策略"
  },
  "finrl_ppo": {
    "total_return": 0.7335483522267152,
    "annualized_return": 0.20514372820036542,
    "sharpe_ratio": 0.7660781181788912,
    "max_drawdown": 0.28541493912742205,
    "success": true,
    "description": "FinRL PPO强化学习策略"
  },
  "finrl_a2c": {
    "total_return": 0.0,
    "annualized_return": 0.0,
    "sharpe_ratio": 0.0,
    "max_drawdown": 0.0,
    "success": true,
    "description": "FinRL A2C强化学习策略"
  },
  "finrl_sac": {
    "total_return": 0.0,
    "annualized_return": 0.0,
    "sharpe_ratio": 0.0,
    "max_drawdown": 0.0,
    "success": true,
    "description": "FinRL SAC强化学习策略"
  },
  "finrl_td3": {
    "total_return": 0.0,
    "annualized_return": 0.0,
    "sharpe_ratio": 0.0,
    "max_drawdown": 0.0,
    "success": true,
    "description": "FinRL TD3强化学习策略"
  },
  "finrl_ddpg": {
    "total_return": 0.0,
    "annualized_return": 0.0,
    "sharpe_ratio": 0.0,
    "max_drawdown": 0.0,
    "success": true,
    "description": "FinRL DDPG强化学习策略"
  }
}