{
  "buy_and_hold": {
    "total_return": 0.6565728012141292,
    "annualized_return": 0.18699491388814926,
    "sharpe_ratio": 0.7685159609085851,
    "max_drawdown": 0.3151385559807474,
    "success": true,
    "description": "买入持有策略"
  },
  "macd": {
    "total_return": 0.6432195258821831,
    "annualized_return": 0.18373667955598272,
    "sharpe_ratio": 1.087092676467623,
    "max_drawdown": 0.1795052077109578,
    "success": true,
    "description": "MACD交叉策略"
  },
  "arima": {
    "total_return": -0.13622090063972858,
    "annualized_return": -0.04851726111706578,
    "sharpe_ratio": -0.04925357464180857,
    "max_drawdown": 0.5453906574398459,
    "success": true,
    "description": "ARIMA时间序列预测"
  },
  "gp": {
    "total_return": 0.6565728012141292,
    "annualized_return": 0.18699491388814926,
    "sharpe_ratio": 0.7685159609085851,
    "max_drawdown": 0.3151385559807474,
    "success": true,
    "description": "遗传编程策略"
  },
  "lightgbm": {
    "total_return": -0.007024764106312142,
    "annualized_return": -0.002454089718471608,
    "sharpe_ratio": 0.12527082521610106,
    "max_drawdown": 0.545390657439845,
    "success": true,
    "description": "LightGBM机器学习策略"
  },
  "lstm": {
    "total_return": -0.08435148044168328,
    "annualized_return": -0.029485042394676864,
    "sharpe_ratio": 0.013008300509422773,
    "max_drawdown": 0.5221074226539013,
    "success": true,
    "description": "LSTM神经网络策略"
  },
  "transformer": {
    "total_return": 0.29837996794534494,
    "annualized_return": 0.0927324018510236,
    "sharpe_ratio": 0.6779639614323943,
    "max_drawdown": 0.12933722143885965,
    "success": true,
    "description": "Transformer模型策略"
  },
  "eata": {
    "total_return": 3.9397513431701645,
    "annualized_return": 0.4914149519363844,
    "sharpe_ratio": 1.753569214691276,
    "max_drawdown": 0.12912064040534826,
    "success": true,
    "description": "EATA强化学习策略"
  },
  "finrl_ppo": {
    "total_return": 0.5670761855433966,
    "annualized_return": 0.16457602145980488,
    "sharpe_ratio": 0.7010477961559929,
    "max_drawdown": 0.31471509304970696,
    "success": true,
    "description": "FinRL PPO强化学习策略"
  },
  "finrl_a2c": {
    "total_return": 0.570580222546814,
    "annualized_return": 0.16545856787390711,
    "sharpe_ratio": 0.7072425492979088,
    "max_drawdown": 0.31509510007887775,
    "success": true,
    "description": "FinRL A2C强化学习策略"
  },
  "finrl_sac": {
    "total_return": 0.0,
    "annualized_return": 0.0,
    "sharpe_ratio": 0.0,
    "max_drawdown": 0.0,
    "success": true,
    "description": "FinRL SAC强化学习策略"
  },
  "finrl_td3": {
    "total_return": 0.0,
    "annualized_return": 0.0,
    "sharpe_ratio": 0.0,
    "max_drawdown": 0.0,
    "success": true,
    "description": "FinRL TD3强化学习策略"
  },
  "finrl_ddpg": {
    "total_return": 0.5738776424004819,
    "annualized_return": 0.16628788696276087,
    "sharpe_ratio": 0.7057151036464349,
    "max_drawdown": 0.3151083422192058,
    "success": true,
    "description": "FinRL DDPG强化学习策略"
  }
}