{
  "buy_and_hold": {
    "total_return": 3.2558212614187747,
    "annualized_return": 0.109577856626486,
    "sharpe_ratio": 0.469741703132402,
    "max_drawdown": 0.4678714837647154,
    "success": true,
    "description": "买入持有策略"
  },
  "macd": {
    "total_return": 1.561478609647339,
    "annualized_return": 0.06986145208447492,
    "sharpe_ratio": 0.40364957866696505,
    "max_drawdown": 0.3665617043801692,
    "success": true,
    "description": "MACD交叉策略"
  },
  "arima": {
    "total_return": 0.43803945905428066,
    "annualized_return": 0.13929363974440756,
    "sharpe_ratio": 0.5298399597462348,
    "max_drawdown": 0.34483123660342213,
    "success": true,
    "description": "ARIMA时间序列预测"
  },
  "gp": {
    "total_return": 0.2857346511779508,
    "annualized_return": 0.09441625627905803,
    "sharpe_ratio": 0.4236549732376798,
    "max_drawdown": 0.466838269386297,
    "success": true,
    "description": "遗传编程策略"
  },
  "lightgbm": {
    "total_return": 0.725246775726839,
    "annualized_return": 0.2179611659293088,
    "sharpe_ratio": 0.7109470428136481,
    "max_drawdown": 0.239438013723071,
    "success": true,
    "description": "LightGBM机器学习策略"
  },
  "lstm": {
    "total_return": 0.3966237190441826,
    "annualized_return": 0.1274045661506138,
    "sharpe_ratio": 0.5620318459403844,
    "max_drawdown": 0.2687824754496186,
    "success": true,
    "description": "LSTM神经网络策略"
  },
  "transformer": {
    "total_return": -0.02660857434505637,
    "annualized_return": -0.009634464275482646,
    "sharpe_ratio": 0.09709720718085198,
    "max_drawdown": 0.36429700923944563,
    "success": true,
    "description": "Transformer模型策略"
  },
  "eata": {
    "total_return": 3.347145029846194,
    "annualized_return": 0.4444731524628307,
    "sharpe_ratio": 1.3156883850207417,
    "max_drawdown": 0.26443865494041474,
    "success": true,
    "description": "EATA强化学习策略"
  },
  "finrl_ppo": {
    "total_return": 0.06682302723019373,
    "annualized_return": 0.023458175870326947,
    "sharpe_ratio": 0.2152215670686271,
    "max_drawdown": 0.40379954602341883,
    "success": true,
    "description": "FinRL PPO强化学习策略"
  },
  "finrl_a2c": {
    "total_return": 0.39405758164035043,
    "annualized_return": 0.12646940822486052,
    "sharpe_ratio": 0.5697580256362252,
    "max_drawdown": 0.406430763277541,
    "success": true,
    "description": "FinRL A2C强化学习策略"
  },
  "finrl_sac": {
    "total_return": 0.0,
    "annualized_return": 0.0,
    "sharpe_ratio": 0.0,
    "max_drawdown": 0.0,
    "success": true,
    "description": "FinRL SAC强化学习策略"
  },
  "finrl_td3": {
    "total_return": 0.39405758164035043,
    "annualized_return": 0.12646940822486052,
    "sharpe_ratio": 0.5697580256362252,
    "max_drawdown": 0.406430763277541,
    "success": true,
    "description": "FinRL TD3强化学习策略"
  },
  "finrl_ddpg": {
    "total_return": 0.0,
    "annualized_return": 0.0,
    "sharpe_ratio": 0.0,
    "max_drawdown": 0.0,
    "success": true,
    "description": "FinRL DDPG强化学习策略"
  }
}