{
  "buy_and_hold": {
    "total_return": 0.41313654363555186,
    "annualized_return": 0.12462032992911642,
    "sharpe_ratio": 0.4888099664029207,
    "max_drawdown": 0.6544994295506881,
    "success": true,
    "description": "买入持有策略"
  },
  "macd": {
    "total_return": 1.1595673030103537,
    "annualized_return": 0.29884855826119816,
    "sharpe_ratio": 0.8445027935698136,
    "max_drawdown": 0.3469903547333551,
    "success": true,
    "description": "MACD交叉策略"
  },
  "arima": {
    "total_return": 0.14934299414365926,
    "annualized_return": 0.26744110371534435,
    "sharpe_ratio": 0.6975345173665005,
    "max_drawdown": 0.3565677817364907,
    "success": true,
    "description": "ARIMA时间序列预测"
  },
  "gp": {
    "total_return": 0.0,
    "annualized_return": 0.0,
    "sharpe_ratio": 0.0,
    "max_drawdown": 0.0,
    "success": true,
    "description": "遗传编程策略"
  },
  "lightgbm": {
    "total_return": -0.4437300552982756,
    "annualized_return": -0.6442600349900339,
    "sharpe_ratio": -1.5304489476677654,
    "max_drawdown": 0.5740655513479146,
    "success": true,
    "description": "LightGBM机器学习策略"
  },
  "lstm": {
    "total_return": 0.08178050779155877,
    "annualized_return": 0.1432174003297566,
    "sharpe_ratio": 0.588694434014393,
    "max_drawdown": 0.15906082114994055,
    "success": true,
    "description": "LSTM神经网络策略"
  },
  "transformer": {
    "total_return": 0.21001255451100542,
    "annualized_return": 0.3834598068246675,
    "sharpe_ratio": 1.1820108929737057,
    "max_drawdown": 0.19891331530887535,
    "success": true,
    "description": "Transformer模型策略"
  },
  "eata": {
    "total_return": 2.3478880610961914,
    "annualized_return": 0.5537391539116152,
    "sharpe_ratio": 1.0872522368328204,
    "max_drawdown": 0.3905663620542038,
    "success": true,
    "description": "EATA强化学习策略"
  },
  "finrl_ppo": {
    "total_return": -0.07011001284722818,
    "annualized_return": -0.11568070595292834,
    "sharpe_ratio": -0.6937799166852285,
    "max_drawdown": 0.1642688752231323,
    "success": true,
    "description": "FinRL PPO强化学习策略"
  },
  "finrl_a2c": {
    "total_return": -0.16783390025725164,
    "annualized_return": -0.2670857126664108,
    "sharpe_ratio": -0.568150479324069,
    "max_drawdown": 0.3738003713544627,
    "success": true,
    "description": "FinRL A2C强化学习策略"
  },
  "finrl_sac": {
    "total_return": -0.16377127375668332,
    "annualized_return": -0.26102398834867846,
    "sharpe_ratio": -0.5328371426450296,
    "max_drawdown": 0.3738003713544627,
    "success": true,
    "description": "FinRL SAC强化学习策略"
  },
  "finrl_td3": {
    "total_return": 0.0,
    "annualized_return": 0.0,
    "sharpe_ratio": 0.0,
    "max_drawdown": 0.0,
    "success": true,
    "description": "FinRL TD3强化学习策略"
  },
  "finrl_ddpg": {
    "total_return": 0.0,
    "annualized_return": 0.0,
    "sharpe_ratio": 0.0,
    "max_drawdown": 0.0,
    "success": true,
    "description": "FinRL DDPG强化学习策略"
  }
}