{
  "buy_and_hold": {
    "total_return": 42.886729453509666,
    "annualized_return": 0.31193132784613176,
    "sharpe_ratio": 1.0796837153394363,
    "max_drawdown": 0.4437687017144146,
    "success": true,
    "description": "买入持有策略"
  },
  "macd": {
    "total_return": 12.301662712622473,
    "annualized_return": 0.20417798265915876,
    "sharpe_ratio": 1.116146418463894,
    "max_drawdown": 0.3489578291278355,
    "success": true,
    "description": "MACD交叉策略"
  },
  "arima": {
    "total_return": -0.26133459211465393,
    "annualized_return": -0.10303371448545118,
    "sharpe_ratio": -0.11320245029698595,
    "max_drawdown": 0.6874292188940904,
    "success": true,
    "description": "ARIMA时间序列预测"
  },
  "gp": {
    "total_return": 0.5334545892882128,
    "annualized_return": 0.1658726096257166,
    "sharpe_ratio": 0.6017005598974778,
    "max_drawdown": 0.37118217540322324,
    "success": true,
    "description": "遗传编程策略"
  },
  "lightgbm": {
    "total_return": -0.23761168958728407,
    "annualized_return": -0.09343097846307169,
    "sharpe_ratio": -0.08901238780282889,
    "max_drawdown": 0.6366005243250226,
    "success": true,
    "description": "LightGBM机器学习策略"
  },
  "lstm": {
    "total_return": -0.48722749302652024,
    "annualized_return": -0.21318901157143832,
    "sharpe_ratio": -1.0745456164176508,
    "max_drawdown": 0.5895621580806125,
    "success": true,
    "description": "LSTM神经网络策略"
  },
  "transformer": {
    "total_return": -0.10356758894668727,
    "annualized_return": -0.03848731519247439,
    "sharpe_ratio": -0.0826685136161397,
    "max_drawdown": 0.25886897838445083,
    "success": true,
    "description": "Transformer模型策略"
  },
  "eata": {
    "total_return": 7.216080433097835,
    "annualized_return": 0.6939213708178762,
    "sharpe_ratio": 1.7695143245503586,
    "max_drawdown": 0.2704561395660943,
    "success": true,
    "description": "EATA强化学习策略"
  },
  "finrl_ppo": {
    "total_return": 0.04370333274727645,
    "annualized_return": 0.015451547646593511,
    "sharpe_ratio": 0.18242891896786984,
    "max_drawdown": 0.1626450171866492,
    "success": true,
    "description": "FinRL PPO强化学习策略"
  },
  "finrl_a2c": {
    "total_return": 0.7186085112261813,
    "annualized_return": 0.21423405442004784,
    "sharpe_ratio": 0.7861634152989254,
    "max_drawdown": 0.28541546378273197,
    "success": true,
    "description": "FinRL A2C强化学习策略"
  },
  "finrl_sac": {
    "total_return": 0.0,
    "annualized_return": 0.0,
    "sharpe_ratio": 0.0,
    "max_drawdown": 0.0,
    "success": true,
    "description": "FinRL SAC强化学习策略"
  },
  "finrl_td3": {
    "total_return": 0.0,
    "annualized_return": 0.0,
    "sharpe_ratio": 0.0,
    "max_drawdown": 0.0,
    "success": true,
    "description": "FinRL TD3强化学习策略"
  },
  "finrl_ddpg": {
    "total_return": 0.0,
    "annualized_return": 0.0,
    "sharpe_ratio": 0.0,
    "max_drawdown": 0.0,
    "success": true,
    "description": "FinRL DDPG强化学习策略"
  }
}