{
  "buy_and_hold": {
    "total_return": -0.054455570140465426,
    "annualized_return": -0.01883728471733559,
    "sharpe_ratio": 0.23603840451692287,
    "max_drawdown": 0.7594731823071551,
    "success": true,
    "description": "买入持有策略"
  },
  "macd": {
    "total_return": -0.14453989617038987,
    "annualized_return": -0.05163939850624277,
    "sharpe_ratio": -0.010125245757983941,
    "max_drawdown": 0.47470959468824275,
    "success": true,
    "description": "MACD交叉策略"
  },
  "arima": {
    "total_return": 0.6111700979518331,
    "annualized_return": 0.17584454060673105,
    "sharpe_ratio": 0.5632460055920986,
    "max_drawdown": 0.6235292440527327,
    "success": true,
    "description": "ARIMA时间序列预测"
  },
  "gp": {
    "total_return": -0.8567460473543201,
    "annualized_return": -0.4831140836844706,
    "sharpe_ratio": -1.003796931290258,
    "max_drawdown": 0.8759310730986409,
    "success": true,
    "description": "遗传编程策略"
  },
  "lightgbm": {
    "total_return": 0.2031855268477496,
    "annualized_return": 0.06659549275368226,
    "sharpe_ratio": 0.36865390920900304,
    "max_drawdown": 0.5654403734493061,
    "success": true,
    "description": "LightGBM机器学习策略"
  },
  "lstm": {
    "total_return": 0.8302530851786056,
    "annualized_return": 0.22787661810789994,
    "sharpe_ratio": 0.6753016594353718,
    "max_drawdown": 0.5393611629406141,
    "success": true,
    "description": "LSTM神经网络策略"
  },
  "transformer": {
    "total_return": 0.0,
    "annualized_return": 0.0,
    "sharpe_ratio": 0.0,
    "max_drawdown": 0.0,
    "success": true,
    "description": "Transformer模型策略"
  },
  "eata": {
    "total_return": 2.5194965293121365,
    "annualized_return": 0.3701111661475158,
    "sharpe_ratio": 0.8919863986816647,
    "max_drawdown": 0.4004028214524363,
    "success": true,
    "description": "EATA强化学习策略"
  },
  "finrl_ppo": {
    "total_return": -0.12439971035281328,
    "annualized_return": -0.04405666854935242,
    "sharpe_ratio": 0.1753882868372207,
    "max_drawdown": 0.7583141204254179,
    "success": true,
    "description": "FinRL PPO强化学习策略"
  },
  "finrl_a2c": {
    "total_return": 0.0,
    "annualized_return": 0.0,
    "sharpe_ratio": 0.0,
    "max_drawdown": 0.0,
    "success": true,
    "description": "FinRL A2C强化学习策略"
  },
  "finrl_sac": {
    "total_return": -0.1021147376067505,
    "annualized_return": -0.03587327411971186,
    "sharpe_ratio": 0.19985575225974625,
    "max_drawdown": 0.7593906166624532,
    "success": true,
    "description": "FinRL SAC强化学习策略"
  },
  "finrl_td3": {
    "total_return": 0.0,
    "annualized_return": 0.0,
    "sharpe_ratio": 0.0,
    "max_drawdown": 0.0,
    "success": true,
    "description": "FinRL TD3强化学习策略"
  },
  "finrl_ddpg": {
    "total_return": 0.0,
    "annualized_return": 0.0,
    "sharpe_ratio": 0.0,
    "max_drawdown": 0.0,
    "success": true,
    "description": "FinRL DDPG强化学习策略"
  }
}