{
  "buy_and_hold": {
    "metrics": {
      "total_return": 5.2445017440661195,
      "annualized_return": 0.13013826000338202,
      "sharpe_ratio": 0.6653309051494268,
      "max_drawdown": 0.30640752124473114,
      "num_trades": 0.0
    },
    "description": "买入持有策略",
    "success": true
  },
  "macd": {
    "metrics": {
      "total_return": 1.8633582360377177,
      "annualized_return": 0.07279042373843536,
      "sharpe_ratio": 0.5654057663050843,
      "max_drawdown": 0.21051779824269418,
      "num_trades": 283.0
    },
    "description": "MACD交叉策略",
    "success": true
  },
  "arima": {
    "metrics": {
      "total_return": -0.8100264507447907,
      "annualized_return": -0.30908219072069265,
      "sharpe_ratio": -1.4540970668274156,
      "max_drawdown": 0.8176573027515448,
      "num_trades": 116.0
    },
    "description": "ARIMA时间序列预测",
    "success": true
  },
  "gp": {
    "metrics": {
      "total_return": -0.6664189803146704,
      "annualized_return": -0.21682730002620243,
      "sharpe_ratio": -0.9177492352265312,
      "max_drawdown": 0.6984251040373783,
      "num_trades": 1148.0
    },
    "description": "遗传编程策略",
    "success": true
  },
  "lightgbm": {
    "metrics": {
      "total_return": -0.06300573160772038,
      "annualized_return": -0.014446264667510311,
      "sharpe_ratio": 0.055991143882588426,
      "max_drawdown": 0.503153360021179,
      "num_trades": 136.0
    },
    "description": "LightGBM机器学习策略",
    "success": true
  },
  "lstm": {
    "metrics": {
      "total_return": 0.07826217772140187,
      "annualized_return": 0.016915649452313053,
      "sharpe_ratio": 0.1976776688830576,
      "max_drawdown": 0.23631235319515778,
      "num_trades": 190.0
    },
    "description": "LSTM神经网络策略",
    "success": true
  },
  "transformer": {
    "metrics": {
      "total_return": 0.5363413610159347,
      "annualized_return": 0.10030968263447582,
      "sharpe_ratio": 0.52343005996949,
      "max_drawdown": 0.27261462653122626,
      "num_trades": 0.0
    },
    "description": "Transformer模型策略",
    "success": true
  },
  "ppo": {
    "metrics": {
      "total_return": 0.00996645406401031,
      "annualized_return": 0.0022101360715789387,
      "sharpe_ratio": 0.10561111610774057,
      "max_drawdown": 0.4580888513633727,
      "num_trades": 1005.0
    },
    "description": "PPO强化学习策略",
    "success": true
  },
  "eata": {
    "metrics": {
      "annualized_return": 0.3400519082085607,
      "sharpe_ratio": 1.2717348427331454,
      "max_drawdown": 0.2030142800145254,
      "total_return": 2.2209355526326293
    },
    "description": "EATA强化学习策略",
    "success": true
  }
}