{
  "buy_and_hold": {
    "total_return": -0.14291700587520761,
    "annualized_return": -0.051028755060142705,
    "sharpe_ratio": 0.11496209334470371,
    "max_drawdown": 0.5828267602755502,
    "success": true,
    "description": "买入持有策略"
  },
  "macd": {
    "total_return": -0.09149237006042144,
    "annualized_return": -0.03206221866238512,
    "sharpe_ratio": 0.04969940008239284,
    "max_drawdown": 0.4928518344288123,
    "success": true,
    "description": "MACD交叉策略"
  },
  "arima": {
    "total_return": 0.38828525846066775,
    "annualized_return": 0.11786406777143732,
    "sharpe_ratio": 0.47300537847579227,
    "max_drawdown": 0.4986301491555364,
    "success": true,
    "description": "ARIMA时间序列预测"
  },
  "gp": {
    "total_return": 0.47234117091625927,
    "annualized_return": 0.14040595316390436,
    "sharpe_ratio": 0.5174592113783663,
    "max_drawdown": 0.47751206288630454,
    "success": true,
    "description": "遗传编程策略"
  },
  "lightgbm": {
    "total_return": 1.6623707668236247,
    "annualized_return": 0.40678062296635065,
    "sharpe_ratio": 1.0245139571224917,
    "max_drawdown": 0.35689859973331933,
    "success": true,
    "description": "LightGBM机器学习策略"
  },
  "lstm": {
    "total_return": -0.5522642683684262,
    "annualized_return": -0.23883451587375137,
    "sharpe_ratio": -0.3777186595396008,
    "max_drawdown": 0.7504424499547873,
    "success": true,
    "description": "LSTM神经网络策略"
  },
  "transformer": {
    "total_return": 0.6275926761613313,
    "annualized_return": 0.17990140583772773,
    "sharpe_ratio": 0.9667451085102321,
    "max_drawdown": 0.19221645661393322,
    "success": true,
    "description": "Transformer模型策略"
  },
  "eata": {
    "total_return": 3.5591007581939698,
    "annualized_return": 0.4617845667694056,
    "sharpe_ratio": 1.0873157295679448,
    "max_drawdown": 0.33214207254731165,
    "success": true,
    "description": "EATA强化学习策略"
  },
  "finrl_ppo": {
    "total_return": -0.043666576208267194,
    "annualized_return": -0.015029203148448245,
    "sharpe_ratio": 0.05236525320406533,
    "max_drawdown": 0.43897094754597765,
    "success": true,
    "description": "FinRL PPO强化学习策略"
  },
  "finrl_a2c": {
    "total_return": 0.0,
    "annualized_return": 0.0,
    "sharpe_ratio": 0.0,
    "max_drawdown": 0.0,
    "success": true,
    "description": "FinRL A2C强化学习策略"
  },
  "finrl_sac": {
    "total_return": 0.0,
    "annualized_return": 0.0,
    "sharpe_ratio": 0.0,
    "max_drawdown": 0.0,
    "success": true,
    "description": "FinRL SAC强化学习策略"
  },
  "finrl_td3": {
    "total_return": 0.21526316763905373,
    "annualized_return": 0.06835911698882491,
    "sharpe_ratio": 0.36355277046761586,
    "max_drawdown": 0.46784554578708887,
    "success": true,
    "description": "FinRL TD3强化学习策略"
  },
  "finrl_ddpg": {
    "total_return": 0.0,
    "annualized_return": 0.0,
    "sharpe_ratio": 0.0,
    "max_drawdown": 0.0,
    "success": true,
    "description": "FinRL DDPG强化学习策略"
  }
}