{
  "buy_and_hold": {
    "total_return": 0.1506637496731822,
    "annualized_return": 0.048816394203732294,
    "sharpe_ratio": 0.317160714406788,
    "max_drawdown": 0.3753533892217454,
    "success": true,
    "description": "买入持有策略"
  },
  "macd": {
    "total_return": 0.1898779170490148,
    "annualized_return": 0.06082153159231907,
    "sharpe_ratio": 0.46663160334729653,
    "max_drawdown": 0.17004841015555552,
    "success": true,
    "description": "MACD交叉策略"
  },
  "arima": {
    "total_return": 0.24052050248554258,
    "annualized_return": 0.07594487076181311,
    "sharpe_ratio": 0.41968536419440383,
    "max_drawdown": 0.30003724412790067,
    "success": true,
    "description": "ARIMA时间序列预测"
  },
  "gp": {
    "total_return": 0.1506637496731822,
    "annualized_return": 0.048816394203732294,
    "sharpe_ratio": 0.317160714406788,
    "max_drawdown": 0.3753533892217454,
    "success": true,
    "description": "遗传编程策略"
  },
  "lightgbm": {
    "total_return": 0.3124672367429402,
    "annualized_return": 0.09940945352530961,
    "sharpe_ratio": 0.5146932493159894,
    "max_drawdown": 0.32056799414319637,
    "success": true,
    "description": "LightGBM机器学习策略"
  },
  "lstm": {
    "total_return": -0.001373213704925158,
    "annualized_return": -0.0004665860900192609,
    "sharpe_ratio": 0.11040247428426077,
    "max_drawdown": 0.3437192382371329,
    "success": true,
    "description": "LSTM神经网络策略"
  },
  "transformer": {
    "total_return": -0.21302862402923217,
    "annualized_return": -0.07813930373990785,
    "sharpe_ratio": -0.6014064831263576,
    "max_drawdown": 0.291198939511286,
    "success": true,
    "description": "Transformer模型策略"
  },
  "eata": {
    "total_return": -0.3490602030181873,
    "annualized_return": -0.10187059555104083,
    "sharpe_ratio": -0.41695289776285427,
    "max_drawdown": 0.6189569985088742,
    "success": true,
    "description": "EATA强化学习策略"
  },
  "finrl_ppo": {
    "total_return": 0.0242024102445646,
    "annualized_return": 0.008143845801062088,
    "sharpe_ratio": 0.43588964282767817,
    "max_drawdown": 0.03029155843433074,
    "success": true,
    "description": "FinRL PPO强化学习策略"
  },
  "finrl_a2c": {
    "total_return": 0.27977269097747803,
    "annualized_return": 0.0872659003597025,
    "sharpe_ratio": 0.5661374899714957,
    "max_drawdown": 0.1785181090036708,
    "success": true,
    "description": "FinRL A2C强化学习策略"
  },
  "finrl_sac": {
    "total_return": 0.27977269097747803,
    "annualized_return": 0.0872659003597025,
    "sharpe_ratio": 0.5661374899714957,
    "max_drawdown": 0.1785181090036708,
    "success": true,
    "description": "FinRL SAC强化学习策略"
  },
  "finrl_td3": {
    "total_return": 0.27977269097747803,
    "annualized_return": 0.0872659003597025,
    "sharpe_ratio": 0.5661374899714957,
    "max_drawdown": 0.1785181090036708,
    "success": true,
    "description": "FinRL TD3强化学习策略"
  },
  "finrl_ddpg": {
    "total_return": 0.27977269097747803,
    "annualized_return": 0.0872659003597025,
    "sharpe_ratio": 0.5661374899714957,
    "max_drawdown": 0.1785181090036708,
    "success": true,
    "description": "FinRL DDPG强化学习策略"
  }
}