{
  "buy_and_hold": {
    "total_return": -0.05436245210877222,
    "annualized_return": -0.018804469491516818,
    "sharpe_ratio": 0.14061966859954672,
    "max_drawdown": 0.4306196178552893,
    "success": true,
    "description": "买入持有策略"
  },
  "macd": {
    "total_return": -0.07399291040835476,
    "annualized_return": -0.025770077532003333,
    "sharpe_ratio": 0.014840565553306675,
    "max_drawdown": 0.36656170438016944,
    "success": true,
    "description": "MACD交叉策略"
  },
  "arima": {
    "total_return": 0.19286406114500165,
    "annualized_return": 0.3502420373317816,
    "sharpe_ratio": 1.158454169994281,
    "max_drawdown": 0.13710226875045048,
    "success": true,
    "description": "ARIMA时间序列预测"
  },
  "gp": {
    "total_return": 0.0,
    "annualized_return": 0.0,
    "sharpe_ratio": 0.0,
    "max_drawdown": 0.0,
    "success": true,
    "description": "遗传编程策略"
  },
  "lightgbm": {
    "total_return": 0.07561448559983885,
    "annualized_return": 0.13706824358829817,
    "sharpe_ratio": 0.5786027252139678,
    "max_drawdown": 0.24139755880138328,
    "success": true,
    "description": "LightGBM机器学习策略"
  },
  "lstm": {
    "total_return": 0.0,
    "annualized_return": 0.0,
    "sharpe_ratio": 0.0,
    "max_drawdown": 0.0,
    "success": true,
    "description": "LSTM神经网络策略"
  },
  "transformer": {
    "total_return": 0.050342372478045405,
    "annualized_return": 0.08722682009576888,
    "sharpe_ratio": 0.6281586089987006,
    "max_drawdown": 0.0985549219690248,
    "success": true,
    "description": "Transformer模型策略"
  },
  "eata": {
    "total_return": 0.3557332986831665,
    "annualized_return": 0.11738408373609843,
    "sharpe_ratio": 0.45074743779312515,
    "max_drawdown": 0.4113674400973653,
    "success": true,
    "description": "EATA强化学习策略"
  },
  "finrl_ppo": {
    "total_return": 0.0,
    "annualized_return": 0.0,
    "sharpe_ratio": 0.0,
    "max_drawdown": 0.0,
    "success": true,
    "description": "FinRL PPO强化学习策略"
  },
  "finrl_a2c": {
    "total_return": 0.0,
    "annualized_return": 0.0,
    "sharpe_ratio": 0.0,
    "max_drawdown": 0.0,
    "success": true,
    "description": "FinRL A2C强化学习策略"
  },
  "finrl_sac": {
    "total_return": 0.13067621931390394,
    "annualized_return": 0.2308628709382905,
    "sharpe_ratio": 1.009181341719656,
    "max_drawdown": 0.16574990207761559,
    "success": true,
    "description": "FinRL SAC强化学习策略"
  },
  "finrl_td3": {
    "total_return": 0.0,
    "annualized_return": 0.0,
    "sharpe_ratio": 0.0,
    "max_drawdown": 0.0,
    "success": true,
    "description": "FinRL TD3强化学习策略"
  },
  "finrl_ddpg": {
    "total_return": 0.0,
    "annualized_return": 0.0,
    "sharpe_ratio": 0.0,
    "max_drawdown": 0.0,
    "success": true,
    "description": "FinRL DDPG强化学习策略"
  }
}