{
  "buy_and_hold": {
    "metrics": {
      "total_return": 3.32326722656153,
      "annualized_return": 0.10272218759830398,
      "sharpe_ratio": 0.4982023534502737,
      "max_drawdown": 0.4983529091645408,
      "num_trades": 0.0
    },
    "description": "买入持有策略",
    "success": true
  },
  "macd": {
    "metrics": {
      "total_return": 0.7109528709709569,
      "annualized_return": 0.036520871134142485,
      "sharpe_ratio": 0.2871327923020718,
      "max_drawdown": 0.33124677965163335,
      "num_trades": 305.0
    },
    "description": "MACD交叉策略",
    "success": true
  },
  "arima": {
    "metrics": {
      "total_return": -0.5482313396471128,
      "annualized_return": -0.16212505766116858,
      "sharpe_ratio": -0.4682865170849103,
      "max_drawdown": 0.5919682904079426,
      "num_trades": 72.0
    },
    "description": "ARIMA时间序列预测",
    "success": true
  },
  "gp": {
    "metrics": {
      "total_return": -0.3078655921647322,
      "annualized_return": -0.0786513153897207,
      "sharpe_ratio": -0.13883719686621007,
      "max_drawdown": 0.5647206896187762,
      "num_trades": 1110.0
    },
    "description": "遗传编程策略",
    "success": true
  },
  "lightgbm": {
    "metrics": {
      "total_return": 0.6239106077040992,
      "annualized_return": 0.11450549191381332,
      "sharpe_ratio": 0.5205310039118682,
      "max_drawdown": 0.30397220653507945,
      "num_trades": 276.0
    },
    "description": "LightGBM机器学习策略",
    "success": true
  },
  "lstm": {
    "metrics": {
      "total_return": -0.061047733987976915,
      "annualized_return": -0.013924791001212133,
      "sharpe_ratio": -0.5456613336718041,
      "max_drawdown": 0.05456675841913943,
      "num_trades": 15.0
    },
    "description": "LSTM神经网络策略",
    "success": true
  },
  "transformer": {
    "metrics": {
      "total_return": -0.01839148998260498,
      "annualized_return": -0.004123809737695661,
      "sharpe_ratio": -0.4720293116825831,
      "max_drawdown": 0.0,
      "num_trades": 1.0
    },
    "description": "Transformer模型策略",
    "success": true
  },
  "ppo": {
    "metrics": {
      "total_return": 0.6938544063202661,
      "annualized_return": 0.12447864397981623,
      "sharpe_ratio": 0.5789965327565934,
      "max_drawdown": 0.34581943935676523,
      "num_trades": 967.0
    },
    "description": "PPO强化学习策略",
    "success": true
  },
  "eata": {
    "metrics": {
      "annualized_return": 0.1722918269965532,
      "sharpe_ratio": 0.6350794145244789,
      "max_drawdown": 0.2844913803164743,
      "total_return": 0.8874219323605621
    },
    "description": "EATA强化学习策略",
    "success": true
  }
}