{
  "buy_and_hold": {
    "metrics": {
      "total_return": 54.90140031883904,
      "annualized_return": 0.30831095293357547,
      "sharpe_ratio": 0.9473723497512566,
      "max_drawdown": 0.561452632532826,
      "num_trades": 0.0
    },
    "description": "买入持有策略",
    "success": true
  },
  "macd": {
    "metrics": {
      "total_return": 1.5404368347724997,
      "annualized_return": 0.06425077435046611,
      "sharpe_ratio": 0.38867144067583664,
      "max_drawdown": 0.36077977646660264,
      "num_trades": 306.0
    },
    "description": "MACD交叉策略",
    "success": true
  },
  "arima": {
    "metrics": {
      "total_return": -0.8399564657419594,
      "annualized_return": -0.3349541333619679,
      "sharpe_ratio": -0.9515573062156564,
      "max_drawdown": 0.8417308586741974,
      "num_trades": 48.0
    },
    "description": "ARIMA时间序列预测",
    "success": true
  },
  "gp": {
    "metrics": {
      "total_return": 0.016215612624598252,
      "annualized_return": 0.0035872997865742384,
      "sharpe_ratio": 0.19150385339552647,
      "max_drawdown": 0.4890265774799563,
      "num_trades": 1130.0
    },
    "description": "遗传编程策略",
    "success": true
  },
  "lightgbm": {
    "metrics": {
      "total_return": -0.2696031877264592,
      "annualized_return": -0.06783793689875339,
      "sharpe_ratio": -0.013316530023319279,
      "max_drawdown": 0.5770239592560976,
      "num_trades": 140.0
    },
    "description": "LightGBM机器学习策略",
    "success": true
  },
  "lstm": {
    "metrics": {
      "total_return": 0.002406894379021196,
      "annualized_return": 0.00053530984994965,
      "sharpe_ratio": 0.2107116604351088,
      "max_drawdown": 0.0,
      "num_trades": 3.0
    },
    "description": "LSTM神经网络策略",
    "success": true
  },
  "transformer": {
    "metrics": {
      "total_return": 0.5709992624837483,
      "annualized_return": 0.10578752178408712,
      "sharpe_ratio": 0.4591524504417066,
      "max_drawdown": 0.5614522797849161,
      "num_trades": 0.0
    },
    "description": "Transformer模型策略",
    "success": true
  },
  "ppo": {
    "metrics": {
      "total_return": 0.8091527170605675,
      "annualized_return": 0.1410845025454508,
      "sharpe_ratio": 0.5914956434029515,
      "max_drawdown": 0.5046730847946286,
      "num_trades": 899.0
    },
    "description": "PPO强化学习策略",
    "success": true
  },
  "eata": {
    "metrics": {
      "annualized_return": 0.30384035124205533,
      "sharpe_ratio": 0.8655487462212397,
      "max_drawdown": 0.443543003614396,
      "total_return": 1.8869577629318237
    },
    "description": "EATA强化学习策略",
    "success": true
  }
}