{
  "eata": {
    "metrics": {
      "annualized_return": -0.09603157380526628,
      "sharpe_ratio": -0.2044456027027926,
      "max_drawdown": 0.49708432592090435,
      "total_return": -0.3319837274416664
    },
    "description": "EATA强化学习策略",
    "success": true
  }
}