{
  "buy_and_hold": {
    "total_return": 6.068234369486707,
    "annualized_return": 0.15073724598125082,
    "sharpe_ratio": 0.6868724604533841,
    "max_drawdown": 0.39467098266965017,
    "success": true,
    "description": "买入持有策略"
  },
  "macd": {
    "total_return": 0.9331683660685994,
    "annualized_return": 0.04846200061664052,
    "sharpe_ratio": 0.3701747111873583,
    "max_drawdown": 0.3214042836366832,
    "success": true,
    "description": "MACD交叉策略"
  },
  "arima": {
    "total_return": 1.9728893002869512,
    "annualized_return": 0.4786283683410808,
    "sharpe_ratio": 1.3240653367842161,
    "max_drawdown": 0.22718990625953697,
    "success": true,
    "description": "ARIMA时间序列预测"
  },
  "gp": {
    "total_return": -0.43723914368494443,
    "annualized_return": -0.18647168072016052,
    "sharpe_ratio": -0.43722436488356303,
    "max_drawdown": 0.4645640560350462,
    "success": true,
    "description": "遗传编程策略"
  },
  "lightgbm": {
    "total_return": 1.7447713699036642,
    "annualized_return": 0.44059428447309723,
    "sharpe_ratio": 1.2530913290944625,
    "max_drawdown": 0.22744851617733167,
    "success": true,
    "description": "LightGBM机器学习策略"
  },
  "lstm": {
    "total_return": -0.007892012596130371,
    "annualized_return": -0.0028402273859088334,
    "sharpe_ratio": -0.5995718872091372,
    "max_drawdown": 0.0,
    "success": true,
    "description": "LSTM神经网络策略"
  },
  "transformer": {
    "total_return": 0.41057099004409925,
    "annualized_return": 0.1314332974579504,
    "sharpe_ratio": 0.7913444373974352,
    "max_drawdown": 0.15736226752499058,
    "success": true,
    "description": "Transformer模型策略"
  },
  "eata": {
    "total_return": 0.5237730384979222,
    "annualized_return": 0.11115714549862221,
    "sharpe_ratio": 0.4387710144711268,
    "max_drawdown": 0.43866510053317703,
    "success": true,
    "description": "EATA强化学习策略"
  },
  "finrl_ppo": {
    "total_return": -0.112708267004059,
    "annualized_return": -0.041959870471902305,
    "sharpe_ratio": -0.03623528105393684,
    "max_drawdown": 0.3946659446542103,
    "success": true,
    "description": "FinRL PPO强化学习策略"
  },
  "finrl_a2c": {
    "total_return": -0.08233691701354973,
    "annualized_return": -0.030331466730848855,
    "sharpe_ratio": 0.02383540691705574,
    "max_drawdown": 0.39464496081161216,
    "success": true,
    "description": "FinRL A2C强化学习策略"
  },
  "finrl_sac": {
    "total_return": 0.0,
    "annualized_return": 0.0,
    "sharpe_ratio": 0.0,
    "max_drawdown": 0.0,
    "success": true,
    "description": "FinRL SAC强化学习策略"
  },
  "finrl_td3": {
    "total_return": 0.0,
    "annualized_return": 0.0,
    "sharpe_ratio": 0.0,
    "max_drawdown": 0.0,
    "success": true,
    "description": "FinRL TD3强化学习策略"
  },
  "finrl_ddpg": {
    "total_return": -0.08233691701354973,
    "annualized_return": -0.030331466730848855,
    "sharpe_ratio": 0.02383540691705574,
    "max_drawdown": 0.39464496081161216,
    "success": true,
    "description": "FinRL DDPG强化学习策略"
  }
}