{
  "buy_and_hold": {
    "total_return": -0.05436245210877222,
    "annualized_return": -0.018804469491516818,
    "sharpe_ratio": 0.14061966859954672,
    "max_drawdown": 0.4306196178552893,
    "success": true,
    "description": "买入持有策略"
  },
  "macd": {
    "total_return": -0.07399291040835476,
    "annualized_return": -0.025770077532003333,
    "sharpe_ratio": 0.014840565553306675,
    "max_drawdown": 0.36656170438016944,
    "success": true,
    "description": "MACD交叉策略"
  },
  "arima": {
    "total_return": 0.08962409693640927,
    "annualized_return": 0.02957979461470428,
    "sharpe_ratio": 0.2664189147243875,
    "max_drawdown": 0.43061961785528874,
    "success": true,
    "description": "ARIMA时间序列预测"
  },
  "gp": {
    "total_return": -0.05436245210877222,
    "annualized_return": -0.018804469491516818,
    "sharpe_ratio": 0.14061966859954672,
    "max_drawdown": 0.4306196178552893,
    "success": true,
    "description": "遗传编程策略"
  },
  "lightgbm": {
    "total_return": 0.07548348823071604,
    "annualized_return": 0.025688329213772843,
    "sharpe_ratio": 0.25586013367614857,
    "max_drawdown": 0.4180840865916353,
    "success": true,
    "description": "LightGBM机器学习策略"
  },
  "lstm": {
    "total_return": -0.28965302393863746,
    "annualized_return": -0.10965970092240451,
    "sharpe_ratio": -0.15116478104793568,
    "max_drawdown": 0.6140660338554937,
    "success": true,
    "description": "LSTM神经网络策略"
  },
  "transformer": {
    "total_return": 0.6897379270520296,
    "annualized_return": 0.19501294596847196,
    "sharpe_ratio": 0.9898332362328893,
    "max_drawdown": 0.16684278667601724,
    "success": true,
    "description": "Transformer模型策略"
  },
  "eata": {
    "total_return": 3.347145029846194,
    "annualized_return": 0.4444731524628307,
    "sharpe_ratio": 1.3156883850207417,
    "max_drawdown": 0.26443865494041474,
    "success": true,
    "description": "EATA强化学习策略"
  },
  "finrl_ppo": {
    "total_return": 0.23137337252138512,
    "annualized_return": 0.07314175094003539,
    "sharpe_ratio": 0.385272109024893,
    "max_drawdown": 0.4064398031868688,
    "success": true,
    "description": "FinRL PPO强化学习策略"
  },
  "finrl_a2c": {
    "total_return": 0.17184327559667234,
    "annualized_return": 0.055256831701934406,
    "sharpe_ratio": 0.32699153012969057,
    "max_drawdown": 0.40729282208595374,
    "success": true,
    "description": "FinRL A2C强化学习策略"
  },
  "finrl_sac": {
    "total_return": 0.0,
    "annualized_return": 0.0,
    "sharpe_ratio": 0.0,
    "max_drawdown": 0.0,
    "success": true,
    "description": "FinRL SAC强化学习策略"
  },
  "finrl_td3": {
    "total_return": 0.18337873902964774,
    "annualized_return": 0.05876861902272057,
    "sharpe_ratio": 0.3372179389691667,
    "max_drawdown": 0.40642963032680135,
    "success": true,
    "description": "FinRL TD3强化学习策略"
  },
  "finrl_ddpg": {
    "total_return": 0.0,
    "annualized_return": 0.0,
    "sharpe_ratio": 0.0,
    "max_drawdown": 0.0,
    "success": true,
    "description": "FinRL DDPG强化学习策略"
  }
}