{
  "buy_and_hold": {
    "total_return": 10.743572026499567,
    "annualized_return": 0.19345533263039383,
    "sharpe_ratio": 0.7237473207265546,
    "max_drawdown": 0.4275341743426418,
    "success": true,
    "description": "买入持有策略"
  },
  "macd": {
    "total_return": 1.2934073331576816,
    "annualized_return": 0.06140395438333224,
    "sharpe_ratio": 0.3897570260071938,
    "max_drawdown": 0.36183536511259046,
    "success": true,
    "description": "MACD交叉策略"
  },
  "arima": {
    "total_return": 0.18799869125795343,
    "annualized_return": 0.06379271546499332,
    "sharpe_ratio": 0.35070441341455477,
    "max_drawdown": 0.4112755217447644,
    "success": true,
    "description": "ARIMA时间序列预测"
  },
  "gp": {
    "total_return": -0.2730436239055404,
    "annualized_return": -0.1081638981976496,
    "sharpe_ratio": -0.1558199420482674,
    "max_drawdown": 0.5531080689080482,
    "success": true,
    "description": "遗传编程策略"
  },
  "lightgbm": {
    "total_return": 0.9974071549803698,
    "annualized_return": 0.28420261166465455,
    "sharpe_ratio": 0.8993086800374589,
    "max_drawdown": 0.3138704467427519,
    "success": true,
    "description": "LightGBM机器学习策略"
  },
  "lstm": {
    "total_return": -0.0868504660585997,
    "annualized_return": -0.03208871253158585,
    "sharpe_ratio": -0.4020507753428971,
    "max_drawdown": 0.12449456828250464,
    "success": true,
    "description": "LSTM神经网络策略"
  },
  "transformer": {
    "total_return": 0.0024401732624554917,
    "annualized_return": 0.0008752754516678785,
    "sharpe_ratio": 0.10032911377079447,
    "max_drawdown": 0.2422190597448769,
    "success": true,
    "description": "Transformer模型策略"
  },
  "eata": {
    "total_return": 0.40021005136108445,
    "annualized_return": 0.0878890162253434,
    "sharpe_ratio": 0.3626826963936371,
    "max_drawdown": 0.39347344476287655,
    "success": true,
    "description": "EATA强化学习策略"
  },
  "finrl_ppo": {
    "total_return": 0.10001088354507526,
    "annualized_return": 0.034759247897865775,
    "sharpe_ratio": 0.26383299256322007,
    "max_drawdown": 0.4271673252045642,
    "success": true,
    "description": "FinRL PPO强化学习策略"
  },
  "finrl_a2c": {
    "total_return": 0.16550915133361843,
    "annualized_return": 0.05643665482839766,
    "sharpe_ratio": 0.33078033243602256,
    "max_drawdown": 0.42749089901787324,
    "success": true,
    "description": "FinRL A2C强化学习策略"
  },
  "finrl_sac": {
    "total_return": 0.0,
    "annualized_return": 0.0,
    "sharpe_ratio": 0.0,
    "max_drawdown": 0.0,
    "success": true,
    "description": "FinRL SAC强化学习策略"
  },
  "finrl_td3": {
    "total_return": 0.1683205411861579,
    "annualized_return": 0.05734941849254671,
    "sharpe_ratio": 0.33344725931114994,
    "max_drawdown": 0.42697023908494985,
    "success": true,
    "description": "FinRL TD3强化学习策略"
  },
  "finrl_ddpg": {
    "total_return": 0.0,
    "annualized_return": 0.0,
    "sharpe_ratio": 0.0,
    "max_drawdown": 0.0,
    "success": true,
    "description": "FinRL DDPG强化学习策略"
  }
}