{
  "buy_and_hold": {
    "metrics": {
      "total_return": 2.6406581000342366,
      "annualized_return": 0.09013781051268288,
      "sharpe_ratio": 0.574189981377306,
      "max_drawdown": 0.2864492089601787,
      "num_trades": 0.0
    },
    "description": "买入持有策略",
    "success": true
  },
  "macd": {
    "metrics": {
      "total_return": 0.9237586020644555,
      "annualized_return": 0.04466854204440884,
      "sharpe_ratio": 0.4465162790973841,
      "max_drawdown": 0.30182858327702744,
      "num_trades": 311.0
    },
    "description": "MACD交叉策略",
    "success": true
  },
  "arima": {
    "metrics": {
      "total_return": -0.5593203564769154,
      "annualized_return": -0.16674774838656226,
      "sharpe_ratio": -0.7323323550320339,
      "max_drawdown": 0.5772136256645992,
      "num_trades": 8.0
    },
    "description": "ARIMA时间序列预测",
    "success": true
  },
  "gp": {
    "metrics": {
      "total_return": 0.4697712019371476,
      "annualized_return": 0.08951263949159172,
      "sharpe_ratio": 0.5038220550078659,
      "max_drawdown": 0.23772448269966012,
      "num_trades": 0.0
    },
    "description": "遗传编程策略",
    "success": true
  },
  "lightgbm": {
    "metrics": {
      "total_return": -0.16849348631716177,
      "annualized_return": -0.04041873199280899,
      "sharpe_ratio": -0.08270033693549413,
      "max_drawdown": 0.44111121167126544,
      "num_trades": 12.0
    },
    "description": "LightGBM机器学习策略",
    "success": true
  },
  "lstm": {
    "metrics": {
      "total_return": 0.007954239845275879,
      "annualized_return": 0.0017652828292775702,
      "sharpe_ratio": 0.472029311682583,
      "max_drawdown": 0.0,
      "num_trades": 2.0
    },
    "description": "LSTM神经网络策略",
    "success": true
  },
  "transformer": {
    "metrics": {
      "total_return": 0.46977096087355563,
      "annualized_return": 0.08951259971126868,
      "sharpe_ratio": 0.5038218734138746,
      "max_drawdown": 0.2377243280540556,
      "num_trades": 0.0
    },
    "description": "Transformer模型策略",
    "success": true
  },
  "ppo": {
    "metrics": {
      "total_return": 0.2814705709259602,
      "annualized_return": 0.0567628588767477,
      "sharpe_ratio": 0.4479186820628683,
      "max_drawdown": 0.25524147088532195,
      "num_trades": 903.0
    },
    "description": "PPO强化学习策略",
    "success": true
  },
  "eata": {
    "metrics": {
      "annualized_return": 0.32295087276060763,
      "sharpe_ratio": 1.3898483657105536,
      "max_drawdown": 0.23518270497009264,
      "total_return": 2.059796561291354
    },
    "description": "EATA强化学习策略",
    "success": true
  }
}