{
  "buy_and_hold": {
    "total_return": 0.5611381373598765,
    "annualized_return": 0.1633142730128916,
    "sharpe_ratio": 0.6086795153469179,
    "max_drawdown": 0.3755646610503873,
    "success": true,
    "description": "买入持有策略"
  },
  "macd": {
    "total_return": -0.030629805858402692,
    "annualized_return": -0.010509603904614084,
    "sharpe_ratio": 0.0536042421240848,
    "max_drawdown": 0.3600253407822058,
    "success": true,
    "description": "MACD交叉策略"
  },
  "arima": {
    "total_return": 0.028237622781918326,
    "annualized_return": 0.04855597398387057,
    "sharpe_ratio": 0.3110668689141045,
    "max_drawdown": 0.2036220883849569,
    "success": true,
    "description": "ARIMA时间序列预测"
  },
  "gp": {
    "total_return": 0.0,
    "annualized_return": 0.0,
    "sharpe_ratio": 0.0,
    "max_drawdown": 0.0,
    "success": true,
    "description": "遗传编程策略"
  },
  "lightgbm": {
    "total_return": 0.15118752515205824,
    "annualized_return": 0.2816041996964087,
    "sharpe_ratio": 0.8781926885151871,
    "max_drawdown": 0.20082806920565904,
    "success": true,
    "description": "LightGBM机器学习策略"
  },
  "lstm": {
    "total_return": -0.16183053572320416,
    "annualized_return": -0.25961619942644054,
    "sharpe_ratio": -1.9669601764904712,
    "max_drawdown": 0.14476193278965574,
    "success": true,
    "description": "LSTM神经网络策略"
  },
  "transformer": {
    "total_return": 0.013472250515774276,
    "annualized_return": 0.02304767575596367,
    "sharpe_ratio": 0.2168117746002471,
    "max_drawdown": 0.12630333544475233,
    "success": true,
    "description": "Transformer模型策略"
  },
  "eata": {
    "total_return": 0.6124134057769748,
    "annualized_return": 0.19032164571593535,
    "sharpe_ratio": 0.6753395624345989,
    "max_drawdown": 0.22673209654477272,
    "success": true,
    "description": "EATA强化学习策略"
  },
  "finrl_ppo": {
    "total_return": -0.06087143783311455,
    "annualized_return": -0.10077048536606792,
    "sharpe_ratio": -0.20396674102470272,
    "max_drawdown": 0.2675357838303451,
    "success": true,
    "description": "FinRL PPO强化学习策略"
  },
  "finrl_a2c": {
    "total_return": -0.04142297985874921,
    "annualized_return": -0.06905028320025619,
    "sharpe_ratio": -0.06016388414964483,
    "max_drawdown": 0.2670487133366078,
    "success": true,
    "description": "FinRL A2C强化学习策略"
  },
  "finrl_sac": {
    "total_return": -0.03845292566540526,
    "annualized_return": -0.0641666554147845,
    "sharpe_ratio": -0.03965577167694964,
    "max_drawdown": 0.2699012594484178,
    "success": true,
    "description": "FinRL SAC强化学习策略"
  },
  "finrl_td3": {
    "total_return": 0.0,
    "annualized_return": 0.0,
    "sharpe_ratio": 0.0,
    "max_drawdown": 0.0,
    "success": true,
    "description": "FinRL TD3强化学习策略"
  },
  "finrl_ddpg": {
    "total_return": 0.0,
    "annualized_return": 0.0,
    "sharpe_ratio": 0.0,
    "max_drawdown": 0.0,
    "success": true,
    "description": "FinRL DDPG强化学习策略"
  }
}