{
  "buy_and_hold": {
    "metrics": {
      "total_return": 6.832287191963718,
      "annualized_return": 0.14736906115417892,
      "sharpe_ratio": 0.5706320824442127,
      "max_drawdown": 0.4678716020349946,
      "num_trades": 0.0
    },
    "description": "买入持有策略",
    "success": true
  },
  "macd": {
    "metrics": {
      "total_return": 2.850006759521383,
      "annualized_return": 0.0942162986619719,
      "sharpe_ratio": 0.5061012876361985,
      "max_drawdown": 0.35710237875227585,
      "num_trades": 289.0
    },
    "description": "MACD交叉策略",
    "success": true
  },
  "arima": {
    "metrics": {
      "total_return": -0.6337466686499429,
      "annualized_return": -0.20036589910519698,
      "sharpe_ratio": -0.5107632242351132,
      "max_drawdown": 0.6347580509003113,
      "num_trades": 12.0
    },
    "description": "ARIMA时间序列预测",
    "success": true
  },
  "gp": {
    "metrics": {
      "total_return": 1.1689638151549135,
      "annualized_return": 0.18810480914011385,
      "sharpe_ratio": 0.6849469667963276,
      "max_drawdown": 0.38308484807309473,
      "num_trades": 1094.0
    },
    "description": "遗传编程策略",
    "success": true
  },
  "lightgbm": {
    "metrics": {
      "total_return": 0.52925969307606,
      "annualized_return": 0.09963983510314844,
      "sharpe_ratio": 0.4503417386827563,
      "max_drawdown": 0.5888672041579802,
      "num_trades": 168.0
    },
    "description": "LightGBM机器学习策略",
    "success": true
  },
  "lstm": {
    "metrics": {
      "total_return": -0.6371767379719513,
      "annualized_return": -0.2020391211897511,
      "sharpe_ratio": -0.5168511168584888,
      "max_drawdown": 0.7073614944376581,
      "num_trades": 6.0
    },
    "description": "LSTM神经网络策略",
    "success": true
  },
  "transformer": {
    "metrics": {
      "total_return": 0.7151327631216606,
      "annualized_return": 0.12760801670601674,
      "sharpe_ratio": 0.5283854153100033,
      "max_drawdown": 0.4362649549168707,
      "num_trades": 1.0
    },
    "description": "Transformer模型策略",
    "success": true
  },
  "ppo": {
    "metrics": {
      "total_return": 0.048170689944798895,
      "annualized_return": 0.010528273123715515,
      "sharpe_ratio": 0.17823812571082406,
      "max_drawdown": 0.33096987676999745,
      "num_trades": 897.0
    },
    "description": "PPO强化学习策略",
    "success": true
  },
  "eata": {
    "metrics": {
      "annualized_return": 0.3525314349657733,
      "sharpe_ratio": 1.1420067263487548,
      "max_drawdown": 0.18217425720354052,
      "total_return": 2.342481746868361
    },
    "description": "EATA强化学习策略",
    "success": true
  }
}