{
  "buy_and_hold": {
    "metrics": {
      "total_return": 19.8148848724672,
      "annualized_return": 0.22477035260320388,
      "sharpe_ratio": 0.9540584043433502,
      "max_drawdown": 0.3799370528495844,
      "num_trades": 0.0
    },
    "description": "买入持有策略",
    "success": true
  },
  "macd": {
    "metrics": {
      "total_return": 5.056621176255228,
      "annualized_return": 0.12783468054246017,
      "sharpe_ratio": 0.8640896364825845,
      "max_drawdown": 0.25057704554670607,
      "num_trades": 308.0
    },
    "description": "MACD交叉策略",
    "success": true
  },
  "arima": {
    "metrics": {
      "total_return": -0.7082680229514446,
      "annualized_return": -0.23985313964508537,
      "sharpe_ratio": -0.7790681216408462,
      "max_drawdown": 0.713460509434678,
      "num_trades": 20.0
    },
    "description": "ARIMA时间序列预测",
    "success": true
  },
  "gp": {
    "metrics": {
      "total_return": -0.3514902512580733,
      "annualized_return": -0.09190805464987495,
      "sharpe_ratio": -0.1794624100438601,
      "max_drawdown": 0.6429699817170927,
      "num_trades": 342.0
    },
    "description": "遗传编程策略",
    "success": true
  },
  "lightgbm": {
    "metrics": {
      "total_return": -0.3626869448550659,
      "annualized_return": -0.09582435770074993,
      "sharpe_ratio": -0.1950022243674442,
      "max_drawdown": 0.6634214851538677,
      "num_trades": 16.0
    },
    "description": "LightGBM机器学习策略",
    "success": true
  },
  "lstm": {
    "metrics": {
      "total_return": -0.09782015404522759,
      "annualized_return": -0.022655698186648032,
      "sharpe_ratio": -0.14577852242121414,
      "max_drawdown": 0.2576777741507194,
      "num_trades": 211.0
    },
    "description": "LSTM神经网络策略",
    "success": true
  },
  "transformer": {
    "metrics": {
      "total_return": 0.8386014101010919,
      "annualized_return": 0.14519346886264772,
      "sharpe_ratio": 0.6091936214358684,
      "max_drawdown": 0.37993700143731785,
      "num_trades": 0.0
    },
    "description": "Transformer模型策略",
    "success": true
  },
  "ppo": {
    "metrics": {
      "total_return": 0.5092192292385775,
      "annualized_return": 0.0959555026087231,
      "sharpe_ratio": 0.5307356960592805,
      "max_drawdown": 0.28462865018276773,
      "num_trades": 1015.0
    },
    "description": "PPO强化学习策略",
    "success": true
  },
  "eata": {
    "metrics": {
      "annualized_return": 0.4528026917576051,
      "sharpe_ratio": 1.3646810832479694,
      "max_drawdown": 0.26230720652173156,
      "total_return": 3.448185255831879
    },
    "description": "EATA强化学习策略",
    "success": true
  }
}